CREATE DATABASE  IF NOT EXISTS `station_aquarius` /*!40100 DEFAULT CHARACTER SET latin1 */;
USE `station_aquarius`;
-- MySQL dump 10.13  Distrib 5.6.24, for debian-linux-gnu (x86_64)
--
-- Host: localhost    Database: station_aquarius
-- ------------------------------------------------------
-- Server version	5.6.24-0ubuntu2

/*!40101 SET @OLD_CHARACTER_SET_CLIENT=@@CHARACTER_SET_CLIENT */;
/*!40101 SET @OLD_CHARACTER_SET_RESULTS=@@CHARACTER_SET_RESULTS */;
/*!40101 SET @OLD_COLLATION_CONNECTION=@@COLLATION_CONNECTION */;
/*!40101 SET NAMES utf8 */;
/*!40103 SET @OLD_TIME_ZONE=@@TIME_ZONE */;
/*!40103 SET TIME_ZONE='+00:00' */;
/*!40014 SET @OLD_UNIQUE_CHECKS=@@UNIQUE_CHECKS, UNIQUE_CHECKS=0 */;
/*!40014 SET @OLD_FOREIGN_KEY_CHECKS=@@FOREIGN_KEY_CHECKS, FOREIGN_KEY_CHECKS=0 */;
/*!40101 SET @OLD_SQL_MODE=@@SQL_MODE, SQL_MODE='NO_AUTO_VALUE_ON_ZERO' */;
/*!40111 SET @OLD_SQL_NOTES=@@SQL_NOTES, SQL_NOTES=0 */;

--
-- Table structure for table `t_Config`
--

DROP TABLE IF EXISTS `t_Config`;
/*!40101 SET @saved_cs_client     = @@character_set_client */;
/*!40101 SET character_set_client = utf8 */;
CREATE TABLE `t_Config` (
  `config_id` int(11) NOT NULL AUTO_INCREMENT,
  `config_key_name` varchar(45) NOT NULL,
  `config_key_value` varchar(45) NOT NULL,
  `config_key_description` varchar(45) NOT NULL,
  PRIMARY KEY (`config_id`),
  UNIQUE KEY `config_key_name_UNIQUE` (`config_key_name`)
) ENGINE=InnoDB AUTO_INCREMENT=9 DEFAULT CHARSET=latin1;
/*!40101 SET character_set_client = @saved_cs_client */;

--
-- Dumping data for table `t_Config`
--

LOCK TABLES `t_Config` WRITE;
/*!40000 ALTER TABLE `t_Config` DISABLE KEYS */;
INSERT INTO `t_Config` VALUES (1,'READ_INTERVAL','5','Minutes between each read operation'),(2,'SEND_ADDRESS','http://cloudiaproject.org/data.php','ClouDIA data send address'),(3,'LAST_KNOWN_DATE','Sat May  2 02:00:32 UTC 2015\n','Last known operating date'),(4,'STATION_ID','bra003','ClouDIA station ID'),(5,'NUMBER_RETRIES','5','Number of read attempts on sensors'),(6,'DEBUG_LEVEL','3','0 = no debug, 1 = errors only, minimal = 2, 3'),(7,'SENSOR_UNIT','su0008','Cloudia Sensor Unit ID'),(8,'OW_DRIVER_WATER_COMP','28-000006052315','OneWire water temperature compensation');
/*!40000 ALTER TABLE `t_Config` ENABLE KEYS */;
UNLOCK TABLES;

--
-- Table structure for table `t_Data`
--

DROP TABLE IF EXISTS `t_Data`;
/*!40101 SET @saved_cs_client     = @@character_set_client */;
/*!40101 SET character_set_client = utf8 */;
CREATE TABLE `t_Data` (
  `idt_Data` int(11) NOT NULL AUTO_INCREMENT,
  `data_value` float NOT NULL,
  `data_t_virtual` int(11) NOT NULL,
  `data_date` datetime NOT NULL,
  `data_is_sent` int(11) NOT NULL DEFAULT '0',
  PRIMARY KEY (`idt_Data`),
  UNIQUE KEY `idt_Data_UNIQUE` (`idt_Data`),
  KEY `fk_t_data_unit_idx` (`data_t_virtual`)
) ENGINE=InnoDB AUTO_INCREMENT=2319 DEFAULT CHARSET=latin1;
/*!40101 SET character_set_client = @saved_cs_client */;

--
-- Dumping data for table `t_Data`
--

LOCK TABLES `t_Data` WRITE;
/*!40000 ALTER TABLE `t_Data` DISABLE KEYS */;
INSERT INTO `t_Data` VALUES (1,23,1,'2015-04-27 14:15:43',1),(2,23.2,3,'2015-04-27 14:15:44',1),(3,26.8,4,'2015-04-27 14:15:44',1),(4,14.56,5,'2015-04-27 14:15:45',1),(5,99.6,6,'2015-04-27 14:15:45',1),(6,0.915556,11,'2015-04-27 14:15:46',1),(7,22.9,3,'2015-04-27 14:15:42',1),(8,33.7,4,'2015-04-27 14:15:42',1),(9,0.7,5,'2015-04-27 14:15:44',1),(10,0,6,'2015-04-27 14:15:44',1),(11,0.861667,11,'2015-04-27 14:15:44',1),(12,23.187,1,'2015-04-27 15:18:59',1),(13,23.5,3,'2015-04-27 15:18:59',1),(14,29,4,'2015-04-27 15:18:59',1),(15,80.7,5,'2015-04-27 15:19:01',1),(16,0,6,'2015-04-27 15:19:01',1),(17,0.910556,11,'2015-04-27 15:19:02',1),(18,23.187,1,'2015-04-27 15:29:13',1),(19,23.4,3,'2015-04-27 15:29:14',1),(20,27.4,4,'2015-04-27 15:29:14',1),(21,80.8,5,'2015-04-27 15:29:16',1),(22,0,6,'2015-04-27 15:29:16',1),(23,0.915556,11,'2015-04-27 15:29:16',1),(24,23.25,1,'2015-04-27 15:45:27',1),(25,23.5,3,'2015-04-27 15:45:28',1),(26,27.4,4,'2015-04-27 15:45:28',1),(27,81.1,5,'2015-04-27 15:45:29',1),(28,0,6,'2015-04-27 15:45:29',1),(29,0.914444,11,'2015-04-27 15:45:30',1),(30,23.312,1,'2015-04-27 15:46:35',1),(31,23.5,3,'2015-04-27 15:46:36',1),(32,26.9,4,'2015-04-27 15:46:36',1),(33,80.6,5,'2015-04-27 15:46:37',1),(34,0,6,'2015-04-27 15:46:37',1),(35,0.912778,11,'2015-04-27 15:46:38',1),(36,23.25,1,'2015-04-27 15:48:46',1),(37,23.5,3,'2015-04-27 15:48:47',1),(38,26.9,4,'2015-04-27 15:48:47',1),(39,80.9,5,'2015-04-27 15:48:48',1),(40,0,6,'2015-04-27 15:48:48',1),(41,0.907778,11,'2015-04-27 15:48:49',1),(42,23.25,1,'2015-04-27 15:52:37',1),(43,23.5,3,'2015-04-27 15:52:37',1),(44,26.7,4,'2015-04-27 15:52:37',1),(45,80.7,5,'2015-04-27 15:52:39',1),(46,0,6,'2015-04-27 15:52:39',1),(47,0.913333,11,'2015-04-27 15:52:40',1),(48,22.625,1,'2015-04-27 16:45:45',1),(49,23.3,3,'2015-04-27 16:45:45',1),(50,25.7,4,'2015-04-27 16:45:46',1),(51,127.2,5,'2015-04-27 16:45:47',1),(52,0,6,'2015-04-27 16:45:47',1),(53,0.903889,11,'2015-04-27 16:45:48',1),(54,22.625,1,'2015-04-27 16:46:36',1),(55,23.3,3,'2015-04-27 16:46:37',1),(56,26.2,4,'2015-04-27 16:46:37',1),(57,126.2,5,'2015-04-27 16:46:39',1),(58,0,6,'2015-04-27 16:46:39',1),(59,0.905556,11,'2015-04-27 16:46:39',1),(60,17.562,1,'2015-04-27 17:20:30',1),(61,23.2,3,'2015-04-27 17:20:31',1),(62,29.2,4,'2015-04-27 17:20:31',1),(63,106.2,5,'2015-04-27 17:20:33',1),(64,0,6,'2015-04-27 17:20:33',1),(65,0.906111,11,'2015-04-27 17:20:34',1),(66,20.437,1,'2015-04-27 17:25:22',1),(67,23.3,3,'2015-04-27 17:25:22',1),(68,26.1,4,'2015-04-27 17:25:22',1),(69,103.5,5,'2015-04-27 17:25:24',1),(70,0,6,'2015-04-27 17:25:24',1),(71,0.901111,11,'2015-04-27 17:25:25',1),(72,21.812,1,'2015-04-27 17:28:15',1),(73,23.3,3,'2015-04-27 17:28:16',1),(74,26.7,4,'2015-04-27 17:28:16',1),(75,100.6,5,'2015-04-27 17:28:18',1),(76,0,6,'2015-04-27 17:28:18',1),(77,0.880556,11,'2015-04-27 17:28:19',1),(78,22.25,1,'2015-04-27 17:30:35',1),(79,23.4,3,'2015-04-27 17:30:36',1),(80,25.9,4,'2015-04-27 17:30:36',1),(81,99,5,'2015-04-27 17:30:37',1),(82,0,6,'2015-04-27 17:30:37',1),(83,0.897778,11,'2015-04-27 17:30:38',1),(84,22.625,1,'2015-04-27 17:34:23',1),(85,23.5,3,'2015-04-27 17:34:24',1),(86,26.9,4,'2015-04-27 17:34:24',1),(87,98.2,5,'2015-04-27 17:34:26',1),(88,0,6,'2015-04-27 17:34:26',1),(89,0.910556,11,'2015-04-27 17:34:27',1),(90,22.75,1,'2015-04-27 17:36:19',1),(91,23.4,3,'2015-04-27 17:36:20',1),(92,26.3,4,'2015-04-27 17:36:20',1),(93,97,5,'2015-04-27 17:36:22',1),(94,0,6,'2015-04-27 17:36:22',1),(95,0.911111,11,'2015-04-27 17:36:23',1),(96,22.812,1,'2015-04-27 17:38:51',1),(97,23.5,3,'2015-04-27 17:38:52',1),(98,26.3,4,'2015-04-27 17:38:52',1),(99,96.3,5,'2015-04-27 17:38:54',1),(100,0,6,'2015-04-27 17:38:54',1),(101,0.902778,11,'2015-04-27 17:38:54',1),(102,22.875,1,'2015-04-27 17:41:30',1),(103,23.5,3,'2015-04-27 17:41:31',1),(104,26.1,4,'2015-04-27 17:41:31',1),(105,96.3,5,'2015-04-27 17:41:33',1),(106,0,6,'2015-04-27 17:41:33',1),(107,0.893889,11,'2015-04-27 17:41:34',1),(108,22.937,1,'2015-04-27 17:44:00',1),(109,23.5,3,'2015-04-27 17:44:01',1),(110,26.1,4,'2015-04-27 17:44:01',1),(111,95.5,5,'2015-04-27 17:44:03',1),(112,0,6,'2015-04-27 17:44:03',1),(113,0.888889,11,'2015-04-27 17:44:04',1),(114,22.937,1,'2015-04-27 17:45:03',1),(115,23.5,3,'2015-04-27 17:45:05',1),(116,26.1,4,'2015-04-27 17:45:05',1),(117,95.9,5,'2015-04-27 17:45:06',1),(118,0,6,'2015-04-27 17:45:06',1),(119,0.881111,11,'2015-04-27 17:45:07',1),(120,23,1,'2015-04-27 17:48:10',1),(121,23.5,3,'2015-04-27 17:48:11',1),(122,26,4,'2015-04-27 17:48:11',1),(123,95.7,5,'2015-04-27 17:48:12',1),(124,0,6,'2015-04-27 17:48:12',1),(125,0.901667,11,'2015-04-27 17:48:13',1),(126,23.125,1,'2015-04-27 17:52:18',1),(127,23.5,3,'2015-04-27 17:52:19',1),(128,26.1,4,'2015-04-27 17:52:19',1),(129,95.3,5,'2015-04-27 17:52:20',1),(130,0,6,'2015-04-27 17:52:20',1),(131,0.892222,11,'2015-04-27 17:52:21',1),(132,23.125,1,'2015-04-27 17:55:32',1),(133,23.5,3,'2015-04-27 17:55:34',1),(134,26.1,4,'2015-04-27 17:55:34',1),(135,94.9,5,'2015-04-27 17:55:36',1),(136,0,6,'2015-04-27 17:55:36',1),(137,0.875556,11,'2015-04-27 17:55:37',1),(138,23.187,1,'2015-04-27 18:00:18',1),(139,94.7,5,'2015-04-27 18:00:24',1),(140,0,6,'2015-04-27 18:00:24',1),(141,0.869444,11,'2015-04-27 18:00:25',1),(142,23.312,1,'2015-04-27 18:07:39',1),(143,23.6,3,'2015-04-27 18:07:40',1),(144,26.1,4,'2015-04-27 18:07:40',1),(145,94.7,5,'2015-04-27 18:07:42',1),(146,0,6,'2015-04-27 18:07:42',1),(147,0.867778,11,'2015-04-27 18:07:43',1),(148,23.062,1,'2015-04-27 18:12:42',1),(149,23.5,3,'2015-04-27 18:12:44',1),(150,26,4,'2015-04-27 18:12:44',1),(151,94.5,5,'2015-04-27 18:12:46',1),(152,0,6,'2015-04-27 18:12:46',1),(153,0.859444,11,'2015-04-27 18:12:47',1),(154,23.062,1,'2015-04-27 18:12:43',1),(155,24.6,3,'2015-04-27 18:12:43',1),(156,25.7,4,'2015-04-27 18:12:43',1),(157,87.8,5,'2015-04-27 18:12:45',1),(158,0,6,'2015-04-27 18:12:45',1),(159,0.875,11,'2015-04-27 18:12:46',1),(160,18,1,'2015-04-27 18:20:24',1),(161,23.6,3,'2015-04-27 18:20:26',1),(162,27.7,4,'2015-04-27 18:20:26',1),(163,109.7,5,'2015-04-27 18:20:27',1),(164,0,6,'2015-04-27 18:20:27',1),(165,0.891111,11,'2015-04-27 18:20:28',1),(166,18,1,'2015-04-30 15:03:30',1),(167,23.4,3,'2015-04-30 15:03:31',1),(168,27.8,4,'2015-04-30 15:03:31',1),(169,107.4,5,'2015-04-30 15:03:33',1),(170,0,6,'2015-04-30 15:03:33',1),(171,0.878889,11,'2015-04-30 15:03:34',1),(172,18.312,1,'2015-04-30 15:08:33',1),(173,23.2,3,'2015-04-30 15:08:34',1),(174,28.2,4,'2015-04-30 15:08:34',1),(175,97.5,5,'2015-04-30 15:08:36',1),(176,0,6,'2015-04-30 15:08:36',1),(177,0.87,11,'2015-04-30 15:08:37',1),(178,18.562,1,'2015-04-30 15:13:36',1),(179,23.2,3,'2015-04-30 15:13:36',1),(180,28.2,4,'2015-04-30 15:13:37',1),(181,96.4,5,'2015-04-30 15:13:38',1),(182,0,6,'2015-04-30 15:13:38',1),(183,0.866667,11,'2015-04-30 15:13:39',1),(184,18.875,1,'2015-04-30 15:18:39',1),(185,23.1,3,'2015-04-30 15:18:40',1),(186,28.2,4,'2015-04-30 15:18:40',1),(187,95.5,5,'2015-04-30 15:18:42',1),(188,0,6,'2015-04-30 15:18:42',1),(189,0.871667,11,'2015-04-30 15:18:43',1),(190,18.937,1,'2015-04-30 15:20:03',1),(191,23,3,'2015-04-30 15:20:04',1),(192,28.3,4,'2015-04-30 15:20:04',1),(193,92.4,5,'2015-04-30 15:20:06',1),(194,0,6,'2015-04-30 15:20:06',1),(195,0.878889,11,'2015-04-30 15:20:06',1),(196,19.187,1,'2015-04-30 15:25:05',1),(197,23,3,'2015-04-30 15:25:06',1),(198,28.2,4,'2015-04-30 15:25:06',1),(199,94.1,5,'2015-04-30 15:25:08',1),(200,0,6,'2015-04-30 15:25:08',1),(201,0.868889,11,'2015-04-30 15:25:08',1),(202,19.375,1,'2015-04-30 15:30:08',1),(203,23.1,3,'2015-04-30 15:30:09',1),(204,28.4,4,'2015-04-30 15:30:09',1),(205,92.9,5,'2015-04-30 15:30:11',1),(206,0,6,'2015-04-30 15:30:11',1),(207,0.865,11,'2015-04-30 15:30:11',1),(208,19.625,1,'2015-04-30 15:35:11',1),(209,23.1,3,'2015-04-30 15:35:13',1),(210,28.2,4,'2015-04-30 15:35:13',1),(211,91.6,5,'2015-04-30 15:35:14',1),(212,0,6,'2015-04-30 15:35:14',1),(213,0.862778,11,'2015-04-30 15:35:15',1),(214,19.75,1,'2015-04-30 15:40:14',1),(215,23,3,'2015-04-30 15:40:18',1),(216,27.8,4,'2015-04-30 15:40:18',1),(217,90.3,5,'2015-04-30 15:40:19',1),(218,0,6,'2015-04-30 15:40:19',1),(219,0.863333,11,'2015-04-30 15:40:20',1),(220,19.875,1,'2015-04-30 15:45:17',1),(221,23,3,'2015-04-30 15:45:18',1),(222,27.8,4,'2015-04-30 15:45:18',1),(223,89.4,5,'2015-04-30 15:45:20',1),(224,0,6,'2015-04-30 15:45:20',1),(225,0.86,11,'2015-04-30 15:45:20',1),(226,20,1,'2015-04-30 15:50:20',1),(227,23,3,'2015-04-30 15:50:21',1),(228,27.9,4,'2015-04-30 15:50:21',1),(229,89.1,5,'2015-04-30 15:50:23',1),(230,0,6,'2015-04-30 15:50:23',1),(231,0.865556,11,'2015-04-30 15:50:23',1),(232,20.125,1,'2015-04-30 15:55:23',1),(233,23,3,'2015-04-30 15:55:25',1),(234,27.6,4,'2015-04-30 15:55:25',1),(235,89.1,5,'2015-04-30 15:55:26',1),(236,0,6,'2015-04-30 15:55:26',1),(237,0.858333,11,'2015-04-30 15:55:27',1),(238,20.25,1,'2015-04-30 16:00:26',1),(239,23,3,'2015-04-30 16:00:28',1),(240,27.4,4,'2015-04-30 16:00:28',1),(241,88.6,5,'2015-04-30 16:00:30',1),(242,0,6,'2015-04-30 16:00:30',1),(243,0.864444,11,'2015-04-30 16:00:30',1),(244,20.312,1,'2015-04-30 16:05:29',1),(245,23,3,'2015-04-30 16:05:30',1),(246,27.4,4,'2015-04-30 16:05:30',1),(247,89.2,5,'2015-04-30 16:05:32',1),(248,0,6,'2015-04-30 16:05:32',1),(249,0.868333,11,'2015-04-30 16:05:32',1),(250,20.312,1,'2015-04-30 16:10:32',1),(251,23,3,'2015-04-30 16:10:33',1),(252,27.5,4,'2015-04-30 16:10:33',1),(253,89.3,5,'2015-04-30 16:10:35',1),(254,0,6,'2015-04-30 16:10:35',1),(255,0.863333,11,'2015-04-30 16:10:35',1),(256,20.375,1,'2015-04-30 16:15:35',1),(257,23,3,'2015-04-30 16:15:38',1),(258,27.5,4,'2015-04-30 16:15:38',1),(259,88.4,5,'2015-04-30 16:15:39',1),(260,0,6,'2015-04-30 16:15:39',1),(261,0.856667,11,'2015-04-30 16:15:40',1),(262,20.437,1,'2015-04-30 16:20:38',1),(263,23,3,'2015-04-30 16:20:39',1),(264,27.5,4,'2015-04-30 16:20:39',1),(265,88.5,5,'2015-04-30 16:20:41',1),(266,0,6,'2015-04-30 16:20:41',1),(267,0.866667,11,'2015-04-30 16:20:41',1),(268,20.5,1,'2015-04-30 16:25:41',1),(269,23,3,'2015-04-30 16:25:42',1),(270,28.1,4,'2015-04-30 16:25:42',1),(271,89,5,'2015-04-30 16:25:44',1),(272,0,6,'2015-04-30 16:25:44',1),(273,0.868889,11,'2015-04-30 16:25:44',1),(274,20.5,1,'2015-04-30 16:30:44',1),(275,23,3,'2015-04-30 16:30:46',1),(276,27.7,4,'2015-04-30 16:30:46',1),(277,88.1,5,'2015-04-30 16:30:48',1),(278,0,6,'2015-04-30 16:30:48',1),(279,0.862778,11,'2015-04-30 16:30:48',1),(280,20.562,1,'2015-04-30 16:35:47',1),(281,23,3,'2015-04-30 16:35:49',1),(282,27.7,4,'2015-04-30 16:35:49',1),(283,88.9,5,'2015-04-30 16:35:51',1),(284,0,6,'2015-04-30 16:35:51',1),(285,0.865,11,'2015-04-30 16:35:51',1),(286,20.687,1,'2015-04-30 16:40:50',1),(287,23,3,'2015-04-30 16:40:52',1),(288,27.9,4,'2015-04-30 16:40:52',1),(289,88.7,5,'2015-04-30 16:40:53',1),(290,0,6,'2015-04-30 16:40:53',1),(291,0.863333,11,'2015-04-30 16:40:54',1),(292,20.687,1,'2015-04-30 16:45:53',1),(293,23,3,'2015-04-30 16:45:55',1),(294,27.9,4,'2015-04-30 16:45:55',1),(295,88.3,5,'2015-04-30 16:45:56',1),(296,0,6,'2015-04-30 16:45:56',1),(297,0.863889,11,'2015-04-30 16:45:57',1),(298,20.75,1,'2015-04-30 16:50:56',1),(299,23,3,'2015-04-30 16:50:57',1),(300,27.8,4,'2015-04-30 16:50:57',1),(301,88.2,5,'2015-04-30 16:50:59',1),(302,0,6,'2015-04-30 16:50:59',1),(303,0.859444,11,'2015-04-30 16:50:59',1),(304,20.75,1,'2015-04-30 16:55:59',1),(305,23,3,'2015-04-30 16:56:03',1),(306,28,4,'2015-04-30 16:56:03',1),(307,86.2,5,'2015-04-30 16:56:04',1),(308,0,6,'2015-04-30 16:56:04',1),(309,0.861667,11,'2015-04-30 16:56:05',1),(310,20.75,1,'2015-04-30 17:01:02',1),(311,23,3,'2015-04-30 17:01:03',1),(312,28,4,'2015-04-30 17:01:03',1),(313,85.5,5,'2015-04-30 17:01:05',1),(314,0,6,'2015-04-30 17:01:05',1),(315,0.866667,11,'2015-04-30 17:01:05',1),(316,20.75,1,'2015-04-30 17:06:05',1),(317,23,3,'2015-04-30 17:06:06',1),(318,28.3,4,'2015-04-30 17:06:06',1),(319,84.9,5,'2015-04-30 17:06:08',1),(320,0,6,'2015-04-30 17:06:08',1),(321,0.86,11,'2015-04-30 17:06:08',1),(322,20.75,1,'2015-04-30 17:11:08',1),(323,23.1,3,'2015-04-30 17:11:09',1),(324,28.4,4,'2015-04-30 17:11:09',1),(325,84.7,5,'2015-04-30 17:11:11',1),(326,0,6,'2015-04-30 17:11:11',1),(327,0.870556,11,'2015-04-30 17:11:11',1),(328,20.75,1,'2015-04-30 17:16:11',1),(329,23.1,3,'2015-04-30 17:16:12',1),(330,28.6,4,'2015-04-30 17:16:12',1),(331,85.4,5,'2015-04-30 17:16:14',1),(332,0,6,'2015-04-30 17:16:14',1),(333,0.865556,11,'2015-04-30 17:16:14',1),(334,20.812,1,'2015-04-30 17:21:14',1),(335,23,3,'2015-04-30 17:21:16',1),(336,28.2,4,'2015-04-30 17:21:16',1),(337,86.2,5,'2015-04-30 17:21:18',1),(338,0,6,'2015-04-30 17:21:18',1),(339,0.868889,11,'2015-04-30 17:21:19',1),(340,20.937,1,'2015-04-30 17:26:17',1),(341,23.1,3,'2015-04-30 17:26:19',1),(342,28.2,4,'2015-04-30 17:26:19',1),(343,85.2,5,'2015-04-30 17:26:21',1),(344,0,6,'2015-04-30 17:26:21',1),(345,0.866111,11,'2015-04-30 17:26:22',1),(346,20.937,1,'2015-04-30 17:31:20',1),(347,23,3,'2015-04-30 17:31:21',1),(348,28.1,4,'2015-04-30 17:31:21',1),(349,84.4,5,'2015-04-30 17:31:23',1),(350,0,6,'2015-04-30 17:31:23',1),(351,0.866667,11,'2015-04-30 17:31:23',1),(352,20.937,1,'2015-04-30 17:36:23',1),(353,23.1,3,'2015-04-30 17:36:25',1),(354,27.9,4,'2015-04-30 17:36:25',1),(355,84.4,5,'2015-04-30 17:36:27',1),(356,0,6,'2015-04-30 17:36:27',1),(357,0.863889,11,'2015-04-30 17:36:28',1),(358,20.937,1,'2015-04-30 17:41:26',1),(359,23.1,3,'2015-04-30 17:41:28',1),(360,28,4,'2015-04-30 17:41:28',1),(361,84.3,5,'2015-04-30 17:41:29',1),(362,0,6,'2015-04-30 17:41:29',1),(363,0.86,11,'2015-04-30 17:41:30',1),(364,21,1,'2015-04-30 17:46:29',1),(365,23.1,3,'2015-04-30 17:46:32',1),(366,27.8,4,'2015-04-30 17:46:32',1),(367,83.9,5,'2015-04-30 17:46:34',1),(368,0,6,'2015-04-30 17:46:34',1),(369,0.862222,11,'2015-04-30 17:46:34',1),(370,21,1,'2015-04-30 17:51:32',1),(371,23.1,3,'2015-04-30 17:51:33',1),(372,27.8,4,'2015-04-30 17:51:33',1),(373,84.3,5,'2015-04-30 17:51:35',1),(374,0,6,'2015-04-30 17:51:35',1),(375,0.863889,11,'2015-04-30 17:51:35',1),(376,21,1,'2015-04-30 17:56:35',1),(377,23,3,'2015-04-30 17:56:39',1),(378,27.7,4,'2015-04-30 17:56:40',1),(379,84.5,5,'2015-04-30 17:56:41',1),(380,0,6,'2015-04-30 17:56:41',1),(381,0.861111,11,'2015-04-30 17:56:42',1),(382,21,1,'2015-04-30 18:01:38',1),(383,23,3,'2015-04-30 18:01:42',1),(384,27.7,4,'2015-04-30 18:01:42',1),(385,85.5,5,'2015-04-30 18:01:44',1),(386,0,6,'2015-04-30 18:01:44',1),(387,0.861111,11,'2015-04-30 18:01:44',1),(388,21,1,'2015-04-30 18:06:40',1),(389,23,3,'2015-04-30 18:06:43',1),(390,27.7,4,'2015-04-30 18:06:43',1),(391,84.3,5,'2015-04-30 18:06:45',1),(392,0,6,'2015-04-30 18:06:45',1),(393,0.862778,11,'2015-04-30 18:06:45',1),(394,20.937,1,'2015-04-30 18:11:42',1),(395,23,3,'2015-04-30 18:11:43',1),(396,27.7,4,'2015-04-30 18:11:43',1),(397,84.3,5,'2015-04-30 18:11:45',1),(398,0,6,'2015-04-30 18:11:45',1),(399,0.862222,11,'2015-04-30 18:11:45',1),(400,20.937,1,'2015-04-30 18:16:45',1),(401,23,3,'2015-04-30 18:16:46',1),(402,27.9,4,'2015-04-30 18:16:46',1),(403,84.1,5,'2015-04-30 18:16:48',1),(404,0,6,'2015-04-30 18:16:48',1),(405,0.859444,11,'2015-04-30 18:16:48',1),(406,20.937,1,'2015-04-30 18:21:47',1),(407,23,3,'2015-04-30 18:21:49',1),(408,27.8,4,'2015-04-30 18:21:49',1),(409,84.3,5,'2015-04-30 18:21:51',1),(410,0,6,'2015-04-30 18:21:51',1),(411,0.862778,11,'2015-04-30 18:21:51',1),(412,20.937,1,'2015-04-30 18:26:49',1),(413,23,3,'2015-04-30 18:26:52',1),(414,27.8,4,'2015-04-30 18:26:52',1),(415,84.3,5,'2015-04-30 18:26:54',1),(416,0,6,'2015-04-30 18:26:54',1),(417,0.867778,11,'2015-04-30 18:26:54',1),(418,20.937,1,'2015-04-30 18:31:50',1),(419,23,3,'2015-04-30 18:31:53',1),(420,27.8,4,'2015-04-30 18:31:53',1),(421,85.1,5,'2015-04-30 18:31:54',1),(422,0,6,'2015-04-30 18:31:54',1),(423,0.865556,11,'2015-04-30 18:31:55',1),(424,20.937,1,'2015-04-30 18:36:53',1),(425,23,3,'2015-04-30 18:36:53',1),(426,27.8,4,'2015-04-30 18:36:53',1),(427,84.6,5,'2015-04-30 18:36:55',1),(428,0,6,'2015-04-30 18:36:55',1),(429,0.859444,11,'2015-04-30 18:36:55',1),(430,20.937,1,'2015-04-30 18:41:54',1),(431,23,3,'2015-04-30 18:41:55',1),(432,27.9,4,'2015-04-30 18:41:55',1),(433,84.3,5,'2015-04-30 18:41:57',1),(434,0,6,'2015-04-30 18:41:57',1),(435,0.863889,11,'2015-04-30 18:41:57',1),(436,20.937,1,'2015-04-30 18:46:56',1),(437,23,3,'2015-04-30 18:46:57',1),(438,27.9,4,'2015-04-30 18:46:57',1),(439,83.6,5,'2015-04-30 18:46:59',1),(440,0,6,'2015-04-30 18:46:59',1),(441,0.858333,11,'2015-04-30 18:46:59',1),(442,20.875,1,'2015-04-30 18:51:59',1),(443,23,3,'2015-04-30 18:52:01',1),(444,28,4,'2015-04-30 18:52:01',1),(445,83.1,5,'2015-04-30 18:52:03',1),(446,0,6,'2015-04-30 18:52:03',1),(447,0.865,11,'2015-04-30 18:52:03',1),(448,20.875,1,'2015-04-30 18:57:01',1),(449,23,3,'2015-04-30 18:57:02',1),(450,28.1,4,'2015-04-30 18:57:02',1),(451,84,5,'2015-04-30 18:57:04',1),(452,0,6,'2015-04-30 18:57:04',1),(453,0.861111,11,'2015-04-30 18:57:04',1),(454,20.875,1,'2015-04-30 19:02:03',1),(455,23,3,'2015-04-30 19:02:03',1),(456,28,4,'2015-04-30 19:02:03',1),(457,83.9,5,'2015-04-30 19:02:05',1),(458,0,6,'2015-04-30 19:02:05',1),(459,0.867778,11,'2015-04-30 19:02:05',1),(460,20.875,1,'2015-04-30 19:07:05',1),(461,22.9,3,'2015-04-30 19:07:06',1),(462,28.2,4,'2015-04-30 19:07:06',1),(463,83.5,5,'2015-04-30 19:07:08',1),(464,0,6,'2015-04-30 19:07:08',1),(465,0.863889,11,'2015-04-30 19:07:08',1),(466,20.875,1,'2015-04-30 19:12:06',1),(467,23,3,'2015-04-30 19:12:09',1),(468,28.1,4,'2015-04-30 19:12:09',1),(469,83.9,5,'2015-04-30 19:12:10',1),(470,0,6,'2015-04-30 19:12:10',1),(471,0.861667,11,'2015-04-30 19:12:11',1),(472,20.812,1,'2015-04-30 19:17:09',1),(473,23,3,'2015-04-30 19:17:11',1),(474,28.2,4,'2015-04-30 19:17:11',1),(475,84.1,5,'2015-04-30 19:17:13',1),(476,0,6,'2015-04-30 19:17:13',1),(477,0.858333,11,'2015-04-30 19:17:14',1),(478,20.812,1,'2015-04-30 19:22:11',1),(479,22.9,3,'2015-04-30 19:22:11',1),(480,28.2,4,'2015-04-30 19:22:11',1),(481,83.5,5,'2015-04-30 19:22:13',1),(482,0,6,'2015-04-30 19:22:13',1),(483,0.868333,11,'2015-04-30 19:22:14',1),(484,20.812,1,'2015-04-30 19:27:13',1),(485,83.4,5,'2015-04-30 19:27:19',1),(486,0,6,'2015-04-30 19:27:19',1),(487,0.865556,11,'2015-04-30 19:27:20',1),(488,20.812,1,'2015-04-30 19:32:14',1),(489,22.9,3,'2015-04-30 19:32:15',1),(490,28.3,4,'2015-04-30 19:32:15',1),(491,84,5,'2015-04-30 19:32:17',1),(492,0,6,'2015-04-30 19:32:17',1),(493,0.862222,11,'2015-04-30 19:32:17',1),(494,20.812,1,'2015-04-30 19:37:17',1),(495,23,3,'2015-04-30 19:37:17',1),(496,28.3,4,'2015-04-30 19:37:17',1),(497,84.2,5,'2015-04-30 19:37:19',1),(498,0,6,'2015-04-30 19:37:19',1),(499,0.862778,11,'2015-04-30 19:37:19',1),(500,20.75,1,'2015-04-30 19:42:19',1),(501,22.9,3,'2015-04-30 19:42:19',1),(502,28.3,4,'2015-04-30 19:42:19',1),(503,83.4,5,'2015-04-30 19:42:21',1),(504,0,6,'2015-04-30 19:42:21',1),(505,0.860556,11,'2015-04-30 19:42:22',1),(506,20.75,1,'2015-04-30 19:47:20',1),(507,22.9,3,'2015-04-30 19:47:21',1),(508,28.4,4,'2015-04-30 19:47:21',1),(509,84,5,'2015-04-30 19:47:23',1),(510,0,6,'2015-04-30 19:47:23',1),(511,0.861667,11,'2015-04-30 19:47:23',1),(512,20.75,1,'2015-04-30 19:52:23',1),(513,22.9,3,'2015-04-30 19:52:23',1),(514,28.4,4,'2015-04-30 19:52:23',1),(515,84.4,5,'2015-04-30 19:52:25',1),(516,0,6,'2015-04-30 19:52:25',1),(517,0.862222,11,'2015-04-30 19:52:26',1),(518,20.687,1,'2015-04-30 19:57:24',1),(519,22.8,3,'2015-04-30 19:57:26',1),(520,28.5,4,'2015-04-30 19:57:26',1),(521,83.7,5,'2015-04-30 19:57:28',1),(522,0,6,'2015-04-30 19:57:28',1),(523,0.867222,11,'2015-04-30 19:57:28',1),(524,20.687,1,'2015-04-30 20:02:27',1),(525,22.8,3,'2015-04-30 20:02:28',1),(526,28.4,4,'2015-04-30 20:02:28',1),(527,83.5,5,'2015-04-30 20:02:30',1),(528,0,6,'2015-04-30 20:02:30',1),(529,0.858889,11,'2015-04-30 20:02:30',1),(530,20.687,1,'2015-04-30 20:07:29',1),(531,22.8,3,'2015-04-30 20:07:30',1),(532,28.6,4,'2015-04-30 20:07:30',1),(533,83.4,5,'2015-04-30 20:07:32',1),(534,0,6,'2015-04-30 20:07:32',1),(535,0.867778,11,'2015-04-30 20:07:32',1),(536,20.687,1,'2015-04-30 20:12:31',1),(537,22.8,3,'2015-04-30 20:12:32',1),(538,28.6,4,'2015-04-30 20:12:32',1),(539,83.7,5,'2015-04-30 20:12:34',1),(540,0,6,'2015-04-30 20:12:34',1),(541,0.855556,11,'2015-04-30 20:12:34',1),(542,20.687,1,'2015-04-30 20:17:33',1),(543,84,5,'2015-04-30 20:17:38',1),(544,0,6,'2015-04-30 20:17:38',1),(545,0.862778,11,'2015-04-30 20:17:39',1),(546,20.687,1,'2015-04-30 20:22:34',1),(547,22.8,3,'2015-04-30 20:22:35',1),(548,28.6,4,'2015-04-30 20:22:35',1),(549,84,5,'2015-04-30 20:22:37',1),(550,0,6,'2015-04-30 20:22:37',1),(551,0.860556,11,'2015-04-30 20:22:37',1),(552,20.687,1,'2015-04-30 20:27:36',1),(553,22.8,3,'2015-04-30 20:27:37',1),(554,28.7,4,'2015-04-30 20:27:37',1),(555,83.4,5,'2015-04-30 20:27:39',1),(556,0,6,'2015-04-30 20:27:39',1),(557,0.858333,11,'2015-04-30 20:27:39',1),(558,20.625,1,'2015-04-30 20:32:38',1),(559,22.8,3,'2015-04-30 20:32:41',1),(560,28.7,4,'2015-04-30 20:32:41',1),(561,83,5,'2015-04-30 20:32:42',1),(562,0,6,'2015-04-30 20:32:42',1),(563,0.858889,11,'2015-04-30 20:32:43',1),(564,20.625,1,'2015-04-30 20:37:40',1),(565,22.8,3,'2015-04-30 20:37:41',1),(566,28.7,4,'2015-04-30 20:37:41',1),(567,83.6,5,'2015-04-30 20:37:43',1),(568,0,6,'2015-04-30 20:37:43',1),(569,0.860556,11,'2015-04-30 20:37:43',1),(570,20.625,1,'2015-04-30 20:42:42',1),(571,22.8,3,'2015-04-30 20:42:43',1),(572,28.8,4,'2015-04-30 20:42:43',1),(573,84.2,5,'2015-04-30 20:42:45',1),(574,0,6,'2015-04-30 20:42:45',1),(575,0.861111,11,'2015-04-30 20:42:45',1),(576,20.625,1,'2015-04-30 20:47:44',1),(577,22.7,3,'2015-04-30 20:47:45',1),(578,28.8,4,'2015-04-30 20:47:45',1),(579,83.6,5,'2015-04-30 20:47:47',1),(580,0,6,'2015-04-30 20:47:47',1),(581,0.855556,11,'2015-04-30 20:47:47',1),(582,20.625,1,'2015-04-30 20:52:46',1),(583,22.7,3,'2015-04-30 20:52:50',1),(584,28.9,4,'2015-04-30 20:52:50',1),(585,84.2,5,'2015-04-30 20:52:52',1),(586,0,6,'2015-04-30 20:52:52',1),(587,0.865,11,'2015-04-30 20:52:52',1),(588,20.625,1,'2015-04-30 20:57:49',1),(589,22.7,3,'2015-04-30 20:57:49',1),(590,28.8,4,'2015-04-30 20:57:49',1),(591,84.1,5,'2015-04-30 20:57:51',1),(592,0,6,'2015-04-30 20:57:51',1),(593,0.858333,11,'2015-04-30 20:57:51',1),(594,20.625,1,'2015-04-30 21:02:51',1),(595,22.7,3,'2015-04-30 21:02:52',1),(596,28.9,4,'2015-04-30 21:02:52',1),(597,83.7,5,'2015-04-30 21:02:54',1),(598,0,6,'2015-04-30 21:02:54',1),(599,0.861111,11,'2015-04-30 21:02:54',1),(600,20.625,1,'2015-04-30 21:07:52',1),(601,22.7,3,'2015-04-30 21:07:55',1),(602,28.9,4,'2015-04-30 21:07:55',1),(603,84,5,'2015-04-30 21:07:57',1),(604,0,6,'2015-04-30 21:07:57',1),(605,0.861111,11,'2015-04-30 21:07:58',1),(606,20.625,1,'2015-04-30 21:12:55',1),(607,83.7,5,'2015-04-30 21:13:01',1),(608,0,6,'2015-04-30 21:13:01',1),(609,0.858889,11,'2015-04-30 21:13:02',1),(610,20.562,1,'2015-04-30 21:17:56',1),(611,22.6,3,'2015-04-30 21:17:58',1),(612,28.8,4,'2015-04-30 21:17:58',1),(613,84,5,'2015-04-30 21:17:59',1),(614,0,6,'2015-04-30 21:18:00',1),(615,0.86,11,'2015-04-30 21:18:00',1),(616,20.562,1,'2015-04-30 21:22:58',1),(617,22.6,3,'2015-04-30 21:23:01',1),(618,28.8,4,'2015-04-30 21:23:01',1),(619,84.3,5,'2015-04-30 21:23:03',1),(620,0,6,'2015-04-30 21:23:03',1),(621,0.860556,11,'2015-04-30 21:23:03',1),(622,20.562,1,'2015-04-30 21:28:00',1),(623,22.7,3,'2015-04-30 21:28:02',1),(624,28.9,4,'2015-04-30 21:28:02',1),(625,84.3,5,'2015-04-30 21:28:03',1),(626,0,6,'2015-04-30 21:28:03',1),(627,0.860556,11,'2015-04-30 21:28:04',1),(628,20.562,1,'2015-04-30 21:33:03',1),(629,22.6,3,'2015-04-30 21:33:05',1),(630,28.8,4,'2015-04-30 21:33:05',1),(631,83.6,5,'2015-04-30 21:33:06',1),(632,0,6,'2015-04-30 21:33:06',1),(633,0.861667,11,'2015-04-30 21:33:07',1),(634,20.562,1,'2015-04-30 21:38:04',1),(635,22.6,3,'2015-04-30 21:38:05',1),(636,28.9,4,'2015-04-30 21:38:05',1),(637,83.6,5,'2015-04-30 21:38:07',1),(638,0,6,'2015-04-30 21:38:07',1),(639,0.858889,11,'2015-04-30 21:38:07',1),(640,20.562,1,'2015-04-30 21:43:06',1),(641,22.6,3,'2015-04-30 21:43:07',1),(642,28.9,4,'2015-04-30 21:43:07',1),(643,83.1,5,'2015-04-30 21:43:09',1),(644,0,6,'2015-04-30 21:43:09',1),(645,0.861667,11,'2015-04-30 21:43:09',1),(646,20.5,1,'2015-04-30 21:48:08',1),(647,22.6,3,'2015-04-30 21:48:09',1),(648,28.8,4,'2015-04-30 21:48:09',1),(649,83.1,5,'2015-04-30 21:48:11',1),(650,0,6,'2015-04-30 21:48:11',1),(651,0.858333,11,'2015-04-30 21:48:11',1),(652,20.5,1,'2015-04-30 21:53:10',1),(653,22.6,3,'2015-04-30 21:53:11',1),(654,28.8,4,'2015-04-30 21:53:11',1),(655,83.6,5,'2015-04-30 21:53:13',1),(656,0,6,'2015-04-30 21:53:13',1),(657,0.855556,11,'2015-04-30 21:53:13',1),(658,20.5,1,'2015-04-30 21:58:12',1),(659,22.6,3,'2015-04-30 21:58:13',1),(660,28.8,4,'2015-04-30 21:58:13',1),(661,83.6,5,'2015-04-30 21:58:15',1),(662,0,6,'2015-04-30 21:58:15',1),(663,0.86,11,'2015-04-30 21:58:15',1),(664,20.5,1,'2015-04-30 22:03:14',1),(665,22.6,3,'2015-04-30 22:03:15',1),(666,28.8,4,'2015-04-30 22:03:15',1),(667,83.4,5,'2015-04-30 22:03:17',1),(668,0,6,'2015-04-30 22:03:17',1),(669,0.864444,11,'2015-04-30 22:03:17',1),(670,20.562,1,'2015-04-30 22:08:16',1),(671,22.6,3,'2015-04-30 22:08:19',1),(672,28.8,4,'2015-04-30 22:08:19',1),(673,82.8,5,'2015-04-30 22:08:20',1),(674,0,6,'2015-04-30 22:08:20',1),(675,0.860556,11,'2015-04-30 22:08:21',1),(676,20.562,1,'2015-04-30 22:13:19',1),(677,22.6,3,'2015-04-30 22:13:21',1),(678,29,4,'2015-04-30 22:13:21',1),(679,83.4,5,'2015-04-30 22:13:22',1),(680,0,6,'2015-04-30 22:13:23',1),(681,0.858333,11,'2015-04-30 22:13:23',1),(682,20.625,1,'2015-04-30 22:18:21',1),(683,22.7,3,'2015-04-30 22:18:23',1),(684,29.1,4,'2015-04-30 22:18:23',1),(685,82.8,5,'2015-04-30 22:18:25',1),(686,0,6,'2015-04-30 22:18:25',1),(687,0.863889,11,'2015-04-30 22:18:25',1),(688,20.625,1,'2015-04-30 22:23:24',1),(689,22.7,3,'2015-04-30 22:23:27',1),(690,29.3,4,'2015-04-30 22:23:27',1),(691,82.7,5,'2015-04-30 22:23:28',1),(692,0,6,'2015-04-30 22:23:28',1),(693,0.858333,11,'2015-04-30 22:23:29',1),(694,20.687,1,'2015-04-30 22:28:27',1),(695,22.7,3,'2015-04-30 22:28:28',1),(696,29.3,4,'2015-04-30 22:28:28',1),(697,82.8,5,'2015-04-30 22:28:30',1),(698,0,6,'2015-04-30 22:28:30',1),(699,0.863333,11,'2015-04-30 22:28:31',1),(700,20.687,1,'2015-04-30 22:33:30',1),(701,22.7,3,'2015-04-30 22:33:33',1),(702,29.2,4,'2015-04-30 22:33:33',1),(703,82.4,5,'2015-04-30 22:33:35',1),(704,0,6,'2015-04-30 22:33:35',1),(705,0.865556,11,'2015-04-30 22:33:35',1),(706,20.687,1,'2015-04-30 22:38:33',1),(707,22.7,3,'2015-04-30 22:38:36',1),(708,29.3,4,'2015-04-30 22:38:36',1),(709,82.5,5,'2015-04-30 22:38:37',1),(710,0,6,'2015-04-30 22:38:37',1),(711,0.867778,11,'2015-04-30 22:38:38',1),(712,20.687,1,'2015-04-30 22:43:36',1),(713,22.7,3,'2015-04-30 22:43:39',1),(714,29.2,4,'2015-04-30 22:43:39',1),(715,84.3,5,'2015-04-30 22:43:40',1),(716,0,6,'2015-04-30 22:43:40',1),(717,0.862778,11,'2015-04-30 22:43:41',1),(718,20.687,1,'2015-04-30 22:48:39',1),(719,22.7,3,'2015-04-30 22:48:40',1),(720,29.2,4,'2015-04-30 22:48:40',1),(721,82.8,5,'2015-04-30 22:48:42',1),(722,0,6,'2015-04-30 22:48:42',1),(723,0.869444,11,'2015-04-30 22:48:42',1),(724,20.687,1,'2015-04-30 22:53:42',1),(725,22.7,3,'2015-04-30 22:53:45',1),(726,29.2,4,'2015-04-30 22:53:45',1),(727,83.3,5,'2015-04-30 22:53:46',1),(728,0,6,'2015-04-30 22:53:46',1),(729,0.862778,11,'2015-04-30 22:53:47',1),(730,20.75,1,'2015-04-30 22:58:45',1),(731,22.7,3,'2015-04-30 22:58:48',1),(732,29.4,4,'2015-04-30 22:58:48',1),(733,82.7,5,'2015-04-30 22:58:49',1),(734,0,6,'2015-04-30 22:58:49',1),(735,0.860556,11,'2015-04-30 22:58:50',1),(736,20.75,1,'2015-04-30 23:03:48',1),(737,22.8,3,'2015-04-30 23:03:50',1),(738,29.5,4,'2015-04-30 23:03:50',1),(739,82.4,5,'2015-04-30 23:03:52',1),(740,0,6,'2015-04-30 23:03:52',1),(741,0.866111,11,'2015-04-30 23:03:52',1),(742,20.75,1,'2015-04-30 23:08:51',1),(743,22.7,3,'2015-04-30 23:08:52',1),(744,29.6,4,'2015-04-30 23:08:52',1),(745,82.3,5,'2015-04-30 23:08:54',1),(746,0,6,'2015-04-30 23:08:54',1),(747,0.865,11,'2015-04-30 23:08:55',1),(748,20.687,1,'2015-04-30 23:13:54',1),(749,82,5,'2015-04-30 23:14:00',1),(750,0,6,'2015-04-30 23:14:00',1),(751,0.866667,11,'2015-04-30 23:14:01',1),(752,20.75,1,'2015-04-30 23:18:57',1),(753,22.8,3,'2015-04-30 23:19:00',1),(754,29.7,4,'2015-04-30 23:19:00',1),(755,82.3,5,'2015-04-30 23:19:02',1),(756,0,6,'2015-04-30 23:19:02',1),(757,0.867222,11,'2015-04-30 23:19:02',1),(758,20.75,1,'2015-04-30 23:24:00',1),(759,82.8,5,'2015-04-30 23:24:07',1),(760,0,6,'2015-04-30 23:24:07',1),(761,0.865556,11,'2015-04-30 23:24:07',1),(762,20.75,1,'2015-04-30 23:29:03',1),(763,22.8,3,'2015-04-30 23:29:04',1),(764,29.3,4,'2015-04-30 23:29:04',1),(765,82.3,5,'2015-04-30 23:29:06',1),(766,0,6,'2015-04-30 23:29:06',1),(767,0.870556,11,'2015-04-30 23:29:06',1),(768,20.75,1,'2015-04-30 23:34:06',1),(769,22.8,3,'2015-04-30 23:34:09',1),(770,29.6,4,'2015-04-30 23:34:09',1),(771,81.3,5,'2015-04-30 23:34:10',1),(772,0,6,'2015-04-30 23:34:10',1),(773,0.869444,11,'2015-04-30 23:34:11',1),(774,20.687,1,'2015-04-30 23:39:09',1),(775,22.8,3,'2015-04-30 23:39:13',1),(776,29.5,4,'2015-04-30 23:39:13',1),(777,81.6,5,'2015-04-30 23:39:15',1),(778,0,6,'2015-04-30 23:39:15',1),(779,0.860556,11,'2015-04-30 23:39:15',1),(780,20.75,1,'2015-04-30 23:44:12',1),(781,81.7,5,'2015-04-30 23:44:19',1),(782,0,6,'2015-04-30 23:44:19',1),(783,0.869444,11,'2015-04-30 23:44:19',1),(784,20.75,1,'2015-04-30 23:49:15',1),(785,22.8,3,'2015-04-30 23:49:19',1),(786,29.5,4,'2015-04-30 23:49:19',1),(787,82.3,5,'2015-04-30 23:49:20',1),(788,0,6,'2015-04-30 23:49:20',1),(789,0.860556,11,'2015-04-30 23:49:21',1),(790,20.75,1,'2015-04-30 23:54:18',1),(791,22.8,3,'2015-04-30 23:54:23',1),(792,29.2,4,'2015-04-30 23:54:23',1),(793,80.6,5,'2015-04-30 23:54:25',1),(794,0,6,'2015-04-30 23:54:25',1),(795,0.865556,11,'2015-04-30 23:54:25',1),(796,20.75,1,'2015-04-30 23:59:21',1),(797,22.8,3,'2015-04-30 23:59:26',1),(798,29.1,4,'2015-04-30 23:59:26',1),(799,81.4,5,'2015-04-30 23:59:28',1),(800,0,6,'2015-04-30 23:59:28',1),(801,0.865556,11,'2015-04-30 23:59:28',1),(802,20.75,1,'2015-05-01 00:04:24',1),(803,22.8,3,'2015-05-01 00:04:25',1),(804,29.1,4,'2015-05-01 00:04:25',1),(805,83.9,5,'2015-05-01 00:04:27',1),(806,0,6,'2015-05-01 00:04:27',1),(807,0.864444,11,'2015-05-01 00:04:28',1),(808,20.75,1,'2015-05-01 00:09:27',1),(809,22.8,3,'2015-05-01 00:09:28',1),(810,29.2,4,'2015-05-01 00:09:28',1),(811,81.8,5,'2015-05-01 00:09:30',1),(812,0,6,'2015-05-01 00:09:30',1),(813,0.866667,11,'2015-05-01 00:09:30',1),(814,20.75,1,'2015-05-01 00:14:30',1),(815,22.8,3,'2015-05-01 00:14:32',1),(816,29.5,4,'2015-05-01 00:14:32',1),(817,81.8,5,'2015-05-01 00:14:34',1),(818,0,6,'2015-05-01 00:14:34',1),(819,0.866111,11,'2015-05-01 00:14:34',1),(820,20.75,1,'2015-05-01 00:19:33',1),(821,22.8,3,'2015-05-01 00:19:34',1),(822,29.4,4,'2015-05-01 00:19:34',1),(823,81.8,5,'2015-05-01 00:19:36',1),(824,0,6,'2015-05-01 00:19:36',1),(825,0.866111,11,'2015-05-01 00:19:37',1),(826,20.75,1,'2015-05-01 00:24:36',1),(827,82,5,'2015-05-01 00:24:43',1),(828,0,6,'2015-05-01 00:24:43',1),(829,0.866111,11,'2015-05-01 00:24:43',1),(830,20.75,1,'2015-05-01 00:29:39',1),(831,22.8,3,'2015-05-01 00:29:40',1),(832,29,4,'2015-05-01 00:29:40',1),(833,81.6,5,'2015-05-01 00:29:42',1),(834,0,6,'2015-05-01 00:29:42',1),(835,0.868333,11,'2015-05-01 00:29:43',1),(836,20.812,1,'2015-05-01 00:34:42',1),(837,22.9,3,'2015-05-01 00:34:43',1),(838,29.5,4,'2015-05-01 00:34:43',1),(839,80.2,5,'2015-05-01 00:34:45',1),(840,0,6,'2015-05-01 00:34:45',1),(841,0.862222,11,'2015-05-01 00:34:46',1),(842,20.812,1,'2015-05-01 00:39:45',1),(843,22.9,3,'2015-05-01 00:39:47',1),(844,29.2,4,'2015-05-01 00:39:47',1),(845,80.8,5,'2015-05-01 00:39:49',1),(846,0,6,'2015-05-01 00:39:49',1),(847,0.871667,11,'2015-05-01 00:39:49',1),(848,20.75,1,'2015-05-01 00:44:48',1),(849,22.9,3,'2015-05-01 00:44:52',1),(850,29.5,4,'2015-05-01 00:44:52',1),(851,81,5,'2015-05-01 00:44:54',1),(852,0,6,'2015-05-01 00:44:54',1),(853,0.87,11,'2015-05-01 00:44:55',1),(854,20.75,1,'2015-05-01 00:49:51',1),(855,22.9,3,'2015-05-01 00:49:52',1),(856,29.5,4,'2015-05-01 00:49:52',1),(857,81.3,5,'2015-05-01 00:49:54',1),(858,0,6,'2015-05-01 00:49:54',1),(859,0.874444,11,'2015-05-01 00:49:54',1),(860,20.75,1,'2015-05-01 00:54:54',1),(861,23,3,'2015-05-01 00:54:58',1),(862,29.4,4,'2015-05-01 00:54:58',1),(863,81.2,5,'2015-05-01 00:54:59',1),(864,0,6,'2015-05-01 00:54:59',1),(865,0.872222,11,'2015-05-01 00:55:00',1),(866,20.812,1,'2015-05-01 00:59:57',1),(867,81,5,'2015-05-01 01:00:04',1),(868,0,6,'2015-05-01 01:00:04',1),(869,0.864444,11,'2015-05-01 01:00:04',1),(870,20.812,1,'2015-05-01 01:05:00',1),(871,22.9,3,'2015-05-01 01:05:04',1),(872,29.3,4,'2015-05-01 01:05:04',1),(873,81,5,'2015-05-01 01:05:06',1),(874,0,6,'2015-05-01 01:05:06',1),(875,0.868889,11,'2015-05-01 01:05:07',1),(876,20.812,1,'2015-05-01 01:10:03',1),(877,23,3,'2015-05-01 01:10:04',1),(878,29.4,4,'2015-05-01 01:10:04',1),(879,81.2,5,'2015-05-01 01:10:06',1),(880,0,6,'2015-05-01 01:10:06',1),(881,0.863333,11,'2015-05-01 01:10:07',1),(882,20.812,1,'2015-05-01 01:15:06',1),(883,22.9,3,'2015-05-01 01:15:07',1),(884,29.1,4,'2015-05-01 01:15:07',1),(885,81.5,5,'2015-05-01 01:15:09',1),(886,0,6,'2015-05-01 01:15:09',1),(887,0.870556,11,'2015-05-01 01:15:10',1),(888,20.812,1,'2015-05-01 01:20:09',1),(889,22.9,3,'2015-05-01 01:20:11',1),(890,29.3,4,'2015-05-01 01:20:11',1),(891,80.8,5,'2015-05-01 01:20:13',1),(892,0,6,'2015-05-01 01:20:13',1),(893,0.869444,11,'2015-05-01 01:20:14',1),(894,20.812,1,'2015-05-01 01:25:13',1),(895,23,3,'2015-05-01 01:25:14',1),(896,29.1,4,'2015-05-01 01:25:14',1),(897,80.6,5,'2015-05-01 01:25:16',1),(898,0,6,'2015-05-01 01:25:16',1),(899,0.868889,11,'2015-05-01 01:25:16',1),(900,20.812,1,'2015-05-01 01:30:15',1),(901,22.9,3,'2015-05-01 01:30:16',1),(902,29.1,4,'2015-05-01 01:30:16',1),(903,81.1,5,'2015-05-01 01:30:18',1),(904,0,6,'2015-05-01 01:30:18',1),(905,0.871111,11,'2015-05-01 01:30:19',1),(906,20.812,1,'2015-05-01 01:35:19',1),(907,23,3,'2015-05-01 01:35:20',1),(908,29.4,4,'2015-05-01 01:35:20',1),(909,80.7,5,'2015-05-01 01:35:22',1),(910,0,6,'2015-05-01 01:35:22',1),(911,0.868889,11,'2015-05-01 01:35:22',1),(912,20.812,1,'2015-05-01 01:40:21',1),(913,22.9,3,'2015-05-01 01:40:24',1),(914,29.3,4,'2015-05-01 01:40:24',1),(915,81.7,5,'2015-05-01 01:40:26',1),(916,0,6,'2015-05-01 01:40:26',1),(917,0.866111,11,'2015-05-01 01:40:27',1),(918,20.812,1,'2015-05-01 01:45:24',1),(919,22.9,3,'2015-05-01 01:45:26',1),(920,29.6,4,'2015-05-01 01:45:26',1),(921,81.3,5,'2015-05-01 01:45:28',1),(922,0,6,'2015-05-01 01:45:28',1),(923,0.863333,11,'2015-05-01 01:45:28',1),(924,20.812,1,'2015-05-01 01:50:27',1),(925,22.9,3,'2015-05-01 01:50:28',1),(926,29.6,4,'2015-05-01 01:50:28',1),(927,81.5,5,'2015-05-01 01:50:30',1),(928,0,6,'2015-05-01 01:50:30',1),(929,0.868333,11,'2015-05-01 01:50:31',1),(930,20.875,1,'2015-05-01 01:55:30',1),(931,22.9,3,'2015-05-01 01:55:31',1),(932,29.4,4,'2015-05-01 01:55:31',1),(933,80.8,5,'2015-05-01 01:55:33',1),(934,0,6,'2015-05-01 01:55:33',1),(935,0.868889,11,'2015-05-01 01:55:34',1),(936,20.812,1,'2015-05-01 02:00:33',1),(937,23,3,'2015-05-01 02:00:34',1),(938,29.1,4,'2015-05-01 02:00:34',1),(939,82,5,'2015-05-01 02:00:36',1),(940,0,6,'2015-05-01 02:00:36',1),(941,0.864444,11,'2015-05-01 02:00:37',1),(942,20.812,1,'2015-05-01 02:05:36',1),(943,23,3,'2015-05-01 02:05:37',1),(944,29.5,4,'2015-05-01 02:05:37',1),(945,81.4,5,'2015-05-01 02:05:39',1),(946,0,6,'2015-05-01 02:05:39',1),(947,0.865,11,'2015-05-01 02:05:40',1),(948,20.875,1,'2015-05-01 02:10:39',1),(949,23,3,'2015-05-01 02:10:42',1),(950,29.5,4,'2015-05-01 02:10:42',1),(951,80.4,5,'2015-05-01 02:10:44',1),(952,0,6,'2015-05-01 02:10:44',1),(953,0.867778,11,'2015-05-01 02:10:44',1),(954,20.875,1,'2015-05-01 02:15:43',1),(955,22.9,3,'2015-05-01 02:15:44',1),(956,29.4,4,'2015-05-01 02:15:44',1),(957,81.1,5,'2015-05-01 02:15:46',1),(958,0,6,'2015-05-01 02:15:46',1),(959,0.869444,11,'2015-05-01 02:15:47',1),(960,20.812,1,'2015-05-01 02:20:45',1),(961,22.9,3,'2015-05-01 02:20:46',1),(962,29.4,4,'2015-05-01 02:20:47',1),(963,81.4,5,'2015-05-01 02:20:48',1),(964,0,6,'2015-05-01 02:20:48',1),(965,0.868889,11,'2015-05-01 02:20:49',1),(966,20.875,1,'2015-05-01 02:25:48',1),(967,80.9,5,'2015-05-01 02:25:55',1),(968,0,6,'2015-05-01 02:25:55',1),(969,0.867778,11,'2015-05-01 02:25:56',1),(970,20.875,1,'2015-05-01 02:30:52',1),(971,23,3,'2015-05-01 02:30:56',1),(972,29.4,4,'2015-05-01 02:30:56',1),(973,80.8,5,'2015-05-01 02:30:57',1),(974,0,6,'2015-05-01 02:30:57',1),(975,0.869444,11,'2015-05-01 02:30:58',1),(976,20.812,1,'2015-05-01 02:35:54',1),(977,23,3,'2015-05-01 02:35:56',1),(978,29.4,4,'2015-05-01 02:35:56',1),(979,81,5,'2015-05-01 02:35:58',1),(980,0,6,'2015-05-01 02:35:58',1),(981,0.870556,11,'2015-05-01 02:35:58',1),(982,20.812,1,'2015-05-01 02:40:57',1),(983,23,3,'2015-05-01 02:41:02',1),(984,29.3,4,'2015-05-01 02:41:02',1),(985,81,5,'2015-05-01 02:41:04',1),(986,0,6,'2015-05-01 02:41:04',1),(987,0.868333,11,'2015-05-01 02:41:05',1),(988,20.875,1,'2015-05-01 02:46:00',1),(989,23,3,'2015-05-01 02:46:04',1),(990,29.5,4,'2015-05-01 02:46:04',1),(991,80.8,5,'2015-05-01 02:46:06',1),(992,0,6,'2015-05-01 02:46:06',1),(993,0.868889,11,'2015-05-01 02:46:06',1),(994,20.812,1,'2015-05-01 02:51:03',1),(995,81.7,5,'2015-05-01 02:51:10',1),(996,0,6,'2015-05-01 02:51:10',1),(997,0.870556,11,'2015-05-01 02:51:10',1),(998,20.875,1,'2015-05-01 02:56:07',1),(999,23,3,'2015-05-01 02:56:08',1),(1000,29.8,4,'2015-05-01 02:56:08',1),(1001,81,5,'2015-05-01 02:56:09',1),(1002,0,6,'2015-05-01 02:56:09',1),(1003,0.864444,11,'2015-05-01 02:56:10',1),(1004,20.875,1,'2015-05-01 03:01:09',1),(1005,23,3,'2015-05-01 03:01:13',1),(1006,29.3,4,'2015-05-01 03:01:13',1),(1007,81.6,5,'2015-05-01 03:01:14',1),(1008,0,6,'2015-05-01 03:01:15',1),(1009,0.866111,11,'2015-05-01 03:01:15',1),(1010,20.875,1,'2015-05-01 03:06:12',1),(1011,23,3,'2015-05-01 03:06:13',1),(1012,29.3,4,'2015-05-01 03:06:13',1),(1013,82.2,5,'2015-05-01 03:06:14',1),(1014,0,6,'2015-05-01 03:06:14',1),(1015,0.868889,11,'2015-05-01 03:06:15',1),(1016,20.875,1,'2015-05-01 03:11:14',1),(1017,23,3,'2015-05-01 03:11:15',1),(1018,29.4,4,'2015-05-01 03:11:15',1),(1019,81.3,5,'2015-05-01 03:11:16',1),(1020,0,6,'2015-05-01 03:11:16',1),(1021,0.874444,11,'2015-05-01 03:11:17',1),(1022,20.812,1,'2015-05-01 03:16:16',1),(1023,23,3,'2015-05-01 03:16:17',1),(1024,29.3,4,'2015-05-01 03:16:17',1),(1025,81.4,5,'2015-05-01 03:16:18',1),(1026,0,6,'2015-05-01 03:16:18',1),(1027,0.872222,11,'2015-05-01 03:16:19',1),(1028,20.875,1,'2015-05-01 03:21:18',1),(1029,81.3,5,'2015-05-01 03:21:24',1),(1030,0,6,'2015-05-01 03:21:24',1),(1031,0.868333,11,'2015-05-01 03:21:25',1),(1032,20.875,1,'2015-05-01 03:26:20',1),(1033,23,3,'2015-05-01 03:26:24',1),(1034,29.6,4,'2015-05-01 03:26:24',1),(1035,81.8,5,'2015-05-01 03:26:25',1),(1036,0,6,'2015-05-01 03:26:26',1),(1037,0.868333,11,'2015-05-01 03:26:26',1),(1038,20.875,1,'2015-05-01 03:31:22',1),(1039,23,3,'2015-05-01 03:31:23',1),(1040,28.9,4,'2015-05-01 03:31:23',1),(1041,82.1,5,'2015-05-01 03:31:24',1),(1042,0,6,'2015-05-01 03:31:24',1),(1043,0.869444,11,'2015-05-01 03:31:25',1),(1044,20.875,1,'2015-05-01 03:36:24',1),(1045,23,3,'2015-05-01 03:36:26',1),(1046,29.4,4,'2015-05-01 03:36:26',1),(1047,82,5,'2015-05-01 03:36:28',1),(1048,0,6,'2015-05-01 03:36:28',1),(1049,0.868889,11,'2015-05-01 03:36:29',1),(1050,20.812,1,'2015-05-01 03:41:27',1),(1051,23,3,'2015-05-01 03:41:27',1),(1052,29.4,4,'2015-05-01 03:41:27',1),(1053,81.3,5,'2015-05-01 03:41:29',1),(1054,0,6,'2015-05-01 03:41:29',1),(1055,0.873333,11,'2015-05-01 03:41:30',1),(1056,20.875,1,'2015-05-01 03:46:29',1),(1057,23,3,'2015-05-01 03:46:29',1),(1058,29.1,4,'2015-05-01 03:46:30',1),(1059,81.7,5,'2015-05-01 03:46:31',1),(1060,0,6,'2015-05-01 03:46:31',1),(1061,0.868889,11,'2015-05-01 03:46:32',1),(1062,20.875,1,'2015-05-01 03:51:31',1),(1063,23,3,'2015-05-01 03:51:32',1),(1064,29.8,4,'2015-05-01 03:51:32',1),(1065,81.2,5,'2015-05-01 03:51:33',1),(1066,0,6,'2015-05-01 03:51:33',1),(1067,0.869444,11,'2015-05-01 03:51:34',1),(1068,20.812,1,'2015-05-01 03:56:33',1),(1069,23,3,'2015-05-01 03:56:34',1),(1070,29.4,4,'2015-05-01 03:56:35',1),(1071,81.5,5,'2015-05-01 03:56:36',1),(1072,0,6,'2015-05-01 03:56:37',1),(1073,0.875,11,'2015-05-01 03:56:37',1),(1074,20.875,1,'2015-05-01 04:01:35',1),(1075,23,3,'2015-05-01 04:01:36',1),(1076,29.8,4,'2015-05-01 04:01:36',1),(1077,80.7,5,'2015-05-01 04:01:38',1),(1078,0,6,'2015-05-01 04:01:38',1),(1079,0.867222,11,'2015-05-01 04:01:38',1),(1080,20.812,1,'2015-05-01 04:06:37',1),(1081,23,3,'2015-05-01 04:06:41',1),(1082,29.1,4,'2015-05-01 04:06:41',1),(1083,80.5,5,'2015-05-01 04:06:43',1),(1084,0,6,'2015-05-01 04:06:43',1),(1085,0.867778,11,'2015-05-01 04:06:44',1),(1086,20.875,1,'2015-05-01 04:11:39',1),(1087,23,3,'2015-05-01 04:11:39',1),(1088,29.3,4,'2015-05-01 04:11:39',1),(1089,81.5,5,'2015-05-01 04:11:41',1),(1090,0,6,'2015-05-01 04:11:41',1),(1091,0.866667,11,'2015-05-01 04:11:41',1),(1092,20.875,1,'2015-05-01 04:16:41',1),(1093,23,3,'2015-05-01 04:16:41',1),(1094,29.2,4,'2015-05-01 04:16:41',1),(1095,82.1,5,'2015-05-01 04:16:43',1),(1096,0,6,'2015-05-01 04:16:43',1),(1097,0.867778,11,'2015-05-01 04:16:44',1),(1098,20.875,1,'2015-05-01 04:21:43',1),(1099,23,3,'2015-05-01 04:21:43',1),(1100,29.6,4,'2015-05-01 04:21:44',1),(1101,81,5,'2015-05-01 04:21:45',1),(1102,0,6,'2015-05-01 04:21:45',1),(1103,0.868889,11,'2015-05-01 04:21:46',1),(1104,20.875,1,'2015-05-01 04:26:45',1),(1105,23,3,'2015-05-01 04:26:47',1),(1106,29.2,4,'2015-05-01 04:26:47',1),(1107,82.5,5,'2015-05-01 04:26:49',1),(1108,0,6,'2015-05-01 04:26:49',1),(1109,0.873333,11,'2015-05-01 04:26:49',1),(1110,20.875,1,'2015-05-01 04:31:47',1),(1111,81.1,5,'2015-05-01 04:31:53',1),(1112,0,6,'2015-05-01 04:31:53',1),(1113,0.866111,11,'2015-05-01 04:31:54',1),(1114,20.875,1,'2015-05-01 04:36:49',1),(1115,23,3,'2015-05-01 04:36:49',1),(1116,29.4,4,'2015-05-01 04:36:49',1),(1117,81.3,5,'2015-05-01 04:36:51',1),(1118,0,6,'2015-05-01 04:36:51',1),(1119,0.870556,11,'2015-05-01 04:36:52',1),(1120,20.875,1,'2015-05-01 04:41:51',1),(1121,23,3,'2015-05-01 04:41:52',1),(1122,29.3,4,'2015-05-01 04:41:52',1),(1123,81.5,5,'2015-05-01 04:41:54',1),(1124,0,6,'2015-05-01 04:41:54',1),(1125,0.871667,11,'2015-05-01 04:41:55',1),(1126,20.875,1,'2015-05-01 04:46:53',1),(1127,23,3,'2015-05-01 04:46:54',1),(1128,29.3,4,'2015-05-01 04:46:54',1),(1129,82.3,5,'2015-05-01 04:46:55',1),(1130,0,6,'2015-05-01 04:46:55',1),(1131,0.868889,11,'2015-05-01 04:46:56',1),(1132,20.875,1,'2015-05-01 04:51:55',1),(1133,23,3,'2015-05-01 04:51:55',1),(1134,29.6,4,'2015-05-01 04:51:55',1),(1135,81.8,5,'2015-05-01 04:51:57',1),(1136,0,6,'2015-05-01 04:51:57',1),(1137,0.873333,11,'2015-05-01 04:51:58',1),(1138,20.875,1,'2015-05-01 04:56:56',1),(1139,23,3,'2015-05-01 04:56:57',1),(1140,29.7,4,'2015-05-01 04:56:57',1),(1141,81.5,5,'2015-05-01 04:56:59',1),(1142,0,6,'2015-05-01 04:56:59',1),(1143,0.866667,11,'2015-05-01 04:56:59',1),(1144,20.875,1,'2015-05-01 05:01:59',1),(1145,23,3,'2015-05-01 05:02:00',1),(1146,29.4,4,'2015-05-01 05:02:00',1),(1147,81.6,5,'2015-05-01 05:02:01',1),(1148,0,6,'2015-05-01 05:02:01',1),(1149,0.867778,11,'2015-05-01 05:02:02',1),(1150,20.875,1,'2015-05-01 05:07:00',1),(1151,23,3,'2015-05-01 05:07:01',1),(1152,29.4,4,'2015-05-01 05:07:01',1),(1153,80.9,5,'2015-05-01 05:07:03',1),(1154,0,6,'2015-05-01 05:07:03',1),(1155,0.872778,11,'2015-05-01 05:07:03',1),(1156,20.875,1,'2015-05-01 05:12:03',1),(1157,23,3,'2015-05-01 05:12:03',1),(1158,29.2,4,'2015-05-01 05:12:03',1),(1159,82.1,5,'2015-05-01 05:12:05',1),(1160,0,6,'2015-05-01 05:12:05',1),(1161,0.867222,11,'2015-05-01 05:12:05',1),(1162,20.875,1,'2015-05-01 05:17:05',1),(1163,23,3,'2015-05-01 05:17:08',1),(1164,29.2,4,'2015-05-01 05:17:08',1),(1165,81.9,5,'2015-05-01 05:17:09',1),(1166,0,6,'2015-05-01 05:17:09',1),(1167,0.866111,11,'2015-05-01 05:17:10',1),(1168,20.875,1,'2015-05-01 05:22:06',1),(1169,23,3,'2015-05-01 05:22:07',1),(1170,29.2,4,'2015-05-01 05:22:07',1),(1171,83.4,5,'2015-05-01 05:22:09',1),(1172,0,6,'2015-05-01 05:22:09',1),(1173,0.872778,11,'2015-05-01 05:22:10',1),(1174,20.875,1,'2015-05-01 05:27:09',1),(1175,23,3,'2015-05-01 05:27:09',1),(1176,29.4,4,'2015-05-01 05:27:09',1),(1177,81.7,5,'2015-05-01 05:27:11',1),(1178,0,6,'2015-05-01 05:27:11',1),(1179,0.868333,11,'2015-05-01 05:27:12',1),(1180,20.875,1,'2015-05-01 05:32:11',1),(1181,23,3,'2015-05-01 05:32:12',1),(1182,29.5,4,'2015-05-01 05:32:12',1),(1183,80.3,5,'2015-05-01 05:32:14',1),(1184,0,6,'2015-05-01 05:32:14',1),(1185,0.871111,11,'2015-05-01 05:32:14',1),(1186,20.875,1,'2015-05-01 05:37:13',1),(1187,23,3,'2015-05-01 05:37:13',1),(1188,29.5,4,'2015-05-01 05:37:13',1),(1189,81.5,5,'2015-05-01 05:37:15',1),(1190,0,6,'2015-05-01 05:37:15',1),(1191,0.865556,11,'2015-05-01 05:37:16',1),(1192,20.875,1,'2015-05-01 05:42:15',1),(1193,23,3,'2015-05-01 05:42:16',1),(1194,29,4,'2015-05-01 05:42:17',1),(1195,82.7,5,'2015-05-01 05:42:18',1),(1196,0,6,'2015-05-01 05:42:18',1),(1197,0.871667,11,'2015-05-01 05:42:19',1),(1198,20.875,1,'2015-05-01 05:47:17',1),(1199,23,3,'2015-05-01 05:47:17',1),(1200,29,4,'2015-05-01 05:47:17',1),(1201,81,5,'2015-05-01 05:47:19',1),(1202,0,6,'2015-05-01 05:47:19',1),(1203,0.873333,11,'2015-05-01 05:47:19',1),(1204,20.875,1,'2015-05-01 05:52:18',1),(1205,23,3,'2015-05-01 05:52:23',1),(1206,28.8,4,'2015-05-01 05:52:23',1),(1207,81.2,5,'2015-05-01 05:52:24',1),(1208,0,6,'2015-05-01 05:52:24',1),(1209,0.870556,11,'2015-05-01 05:52:25',1),(1210,20.875,1,'2015-05-01 05:57:21',1),(1211,23,3,'2015-05-01 05:57:21',1),(1212,29,4,'2015-05-01 05:57:21',1),(1213,82.2,5,'2015-05-01 05:57:23',1),(1214,0,6,'2015-05-01 05:57:23',1),(1215,0.871667,11,'2015-05-01 05:57:24',1),(1216,20.875,1,'2015-05-01 06:02:23',1),(1217,23,3,'2015-05-01 06:02:24',1),(1218,28.6,4,'2015-05-01 06:02:24',1),(1219,81.4,5,'2015-05-01 06:02:26',1),(1220,0,6,'2015-05-01 06:02:26',1),(1221,0.873333,11,'2015-05-01 06:02:27',1),(1222,20.875,1,'2015-05-01 06:07:24',1),(1223,23,3,'2015-05-01 06:07:30',1),(1224,28.4,4,'2015-05-01 06:07:30',1),(1225,80.8,5,'2015-05-01 06:07:31',1),(1226,0,6,'2015-05-01 06:07:31',1),(1227,0.868889,11,'2015-05-01 06:07:32',1),(1228,20.937,1,'2015-05-01 06:12:28',1),(1229,23.1,3,'2015-05-01 06:12:32',1),(1230,27.9,4,'2015-05-01 06:12:32',1),(1231,80.6,5,'2015-05-01 06:12:34',1),(1232,0,6,'2015-05-01 06:12:34',1),(1233,0.877222,11,'2015-05-01 06:12:34',1),(1234,20.937,1,'2015-05-01 06:17:30',1),(1235,23,3,'2015-05-01 06:17:33',1),(1236,27.7,4,'2015-05-01 06:17:33',1),(1237,84.6,5,'2015-05-01 06:17:36',1),(1238,0,6,'2015-05-01 06:17:36',1),(1239,0.877778,11,'2015-05-01 06:17:37',1),(1240,20.937,1,'2015-05-01 06:22:36',1),(1241,23,3,'2015-05-01 06:22:43',1),(1242,27.1,4,'2015-05-01 06:22:43',1),(1243,82.2,5,'2015-05-01 06:22:45',1),(1244,0,6,'2015-05-01 06:22:45',1),(1245,0.881111,11,'2015-05-01 06:22:46',1),(1246,20.937,1,'2015-05-01 06:27:44',1),(1247,23,3,'2015-05-01 06:27:45',1),(1248,27.4,4,'2015-05-01 06:27:46',1),(1249,83.9,5,'2015-05-01 06:27:47',1),(1250,0,6,'2015-05-01 06:27:47',1),(1251,0.879444,11,'2015-05-01 06:27:48',1),(1252,20.875,1,'2015-05-01 06:33:18',1),(1253,23,3,'2015-05-01 06:33:20',1),(1254,26.8,4,'2015-05-01 06:33:20',1),(1255,83.8,5,'2015-05-01 06:33:22',1),(1256,0,6,'2015-05-01 06:33:22',1),(1257,0.872778,11,'2015-05-01 06:33:22',1),(1258,20.812,1,'2015-05-01 06:38:20',1),(1259,23,3,'2015-05-01 06:38:21',1),(1260,26.8,4,'2015-05-01 06:38:21',1),(1261,84.3,5,'2015-05-01 06:38:23',1),(1262,0,6,'2015-05-01 06:38:23',1),(1263,0.864444,11,'2015-05-01 06:38:23',1),(1264,20.75,1,'2015-05-01 06:43:22',1),(1265,22.9,3,'2015-05-01 06:43:24',1),(1266,26.7,4,'2015-05-01 06:43:24',1),(1267,84.1,5,'2015-05-01 06:43:26',1),(1268,0,6,'2015-05-01 06:43:26',1),(1269,0.857778,11,'2015-05-01 06:43:26',1),(1270,20.687,1,'2015-05-01 06:48:24',1),(1271,22.8,3,'2015-05-01 06:48:26',1),(1272,26.7,4,'2015-05-01 06:48:26',1),(1273,83.5,5,'2015-05-01 06:48:27',1),(1274,0,6,'2015-05-01 06:48:27',1),(1275,0.854444,11,'2015-05-01 06:48:28',1),(1276,20.687,1,'2015-05-01 06:53:26',1),(1277,22.8,3,'2015-05-01 06:53:28',1),(1278,26.7,4,'2015-05-01 06:53:28',1),(1279,84.4,5,'2015-05-01 06:53:29',1),(1280,0,6,'2015-05-01 06:53:29',1),(1281,0.858333,11,'2015-05-01 06:53:30',1),(1282,20.625,1,'2015-05-01 06:58:28',1),(1283,22.8,3,'2015-05-01 06:58:29',1),(1284,26.7,4,'2015-05-01 06:58:29',1),(1285,84.5,5,'2015-05-01 06:58:31',1),(1286,0,6,'2015-05-01 06:58:31',1),(1287,0.853889,11,'2015-05-01 06:58:31',1),(1288,20.562,1,'2015-05-01 07:03:30',1),(1289,22.8,3,'2015-05-01 07:03:31',1),(1290,26.7,4,'2015-05-01 07:03:31',1),(1291,84,5,'2015-05-01 07:03:33',1),(1292,0,6,'2015-05-01 07:03:33',1),(1293,0.857778,11,'2015-05-01 07:03:33',1),(1294,20.5,1,'2015-05-01 07:08:32',1),(1295,84.8,5,'2015-05-01 07:08:38',1),(1296,0,6,'2015-05-01 07:08:38',1),(1297,0.851111,11,'2015-05-01 07:08:38',1),(1298,20.5,1,'2015-05-01 07:13:34',1),(1299,22.6,3,'2015-05-01 07:13:38',1),(1300,26.8,4,'2015-05-01 07:13:38',1),(1301,84.4,5,'2015-05-01 07:13:39',1),(1302,0,6,'2015-05-01 07:13:39',1),(1303,0.858333,11,'2015-05-01 07:13:40',1),(1304,20.437,1,'2015-05-01 07:18:37',1),(1305,22.6,3,'2015-05-01 07:18:38',1),(1306,26.8,4,'2015-05-01 07:18:38',1),(1307,84.2,5,'2015-05-01 07:18:40',1),(1308,0,6,'2015-05-01 07:18:40',1),(1309,0.853889,11,'2015-05-01 07:18:40',1),(1310,20.437,1,'2015-05-01 07:23:40',1),(1311,22.6,3,'2015-05-01 07:23:42',1),(1312,27,4,'2015-05-01 07:23:42',1),(1313,85.8,5,'2015-05-01 07:23:43',1),(1314,0,6,'2015-05-01 07:23:43',1),(1315,0.858333,11,'2015-05-01 07:23:44',1),(1316,20.375,1,'2015-05-01 07:28:43',1),(1317,22.6,3,'2015-05-01 07:28:44',1),(1318,26.9,4,'2015-05-01 07:28:44',1),(1319,83.8,5,'2015-05-01 07:28:46',1),(1320,0,6,'2015-05-01 07:28:46',1),(1321,0.857222,11,'2015-05-01 07:28:46',1),(1322,20.375,1,'2015-05-01 07:33:46',1),(1323,22.6,3,'2015-05-01 07:33:48',1),(1324,27,4,'2015-05-01 07:33:48',1),(1325,84.3,5,'2015-05-01 07:33:50',1),(1326,0,6,'2015-05-01 07:33:50',1),(1327,0.855556,11,'2015-05-01 07:33:50',1),(1328,20.375,1,'2015-05-01 07:38:49',1),(1329,22.6,3,'2015-05-01 07:38:50',1),(1330,27.1,4,'2015-05-01 07:38:50',1),(1331,84.8,5,'2015-05-01 07:38:52',1),(1332,0,6,'2015-05-01 07:38:52',1),(1333,0.852222,11,'2015-05-01 07:38:52',1),(1334,20.312,1,'2015-05-01 07:43:52',1),(1335,22.5,3,'2015-05-01 07:43:54',1),(1336,27.2,4,'2015-05-01 07:43:54',1),(1337,85.5,5,'2015-05-01 07:43:55',1),(1338,0,6,'2015-05-01 07:43:55',1),(1339,0.856667,11,'2015-05-01 07:43:56',1),(1340,20.312,1,'2015-05-01 07:48:55',1),(1341,22.5,3,'2015-05-01 07:48:56',1),(1342,27.2,4,'2015-05-01 07:48:56',1),(1343,84.2,5,'2015-05-01 07:48:58',1),(1344,0,6,'2015-05-01 07:48:58',1),(1345,0.854444,11,'2015-05-01 07:48:58',1),(1346,20.25,1,'2015-05-01 07:53:58',1),(1347,22.5,3,'2015-05-01 07:54:00',1),(1348,27.2,4,'2015-05-01 07:54:00',1),(1349,84.6,5,'2015-05-01 07:54:01',1),(1350,0,6,'2015-05-01 07:54:01',1),(1351,0.857222,11,'2015-05-01 07:54:02',1),(1352,20.25,1,'2015-05-01 07:59:01',1),(1353,22.5,3,'2015-05-01 07:59:02',1),(1354,27.2,4,'2015-05-01 07:59:02',1),(1355,84.4,5,'2015-05-01 07:59:04',1),(1356,0,6,'2015-05-01 07:59:04',1),(1357,0.851111,11,'2015-05-01 07:59:04',1),(1358,20.187,1,'2015-05-01 08:04:04',1),(1359,22.5,3,'2015-05-01 08:04:07',1),(1360,27.3,4,'2015-05-01 08:04:07',1),(1361,84.7,5,'2015-05-01 08:04:09',1),(1362,0,6,'2015-05-01 08:04:09',1),(1363,0.857222,11,'2015-05-01 08:04:09',1),(1364,20.187,1,'2015-05-01 08:09:07',1),(1365,22.4,3,'2015-05-01 08:09:08',1),(1366,27.2,4,'2015-05-01 08:09:08',1),(1367,84.9,5,'2015-05-01 08:09:10',1),(1368,0,6,'2015-05-01 08:09:10',1),(1369,0.856667,11,'2015-05-01 08:09:10',1),(1370,20.187,1,'2015-05-01 08:14:10',1),(1371,22.5,3,'2015-05-01 08:14:11',1),(1372,27.4,4,'2015-05-01 08:14:11',1),(1373,84.4,5,'2015-05-01 08:14:13',1),(1374,0,6,'2015-05-01 08:14:13',1),(1375,0.851667,11,'2015-05-01 08:14:13',1),(1376,20.187,1,'2015-05-01 08:19:13',1),(1377,22.4,3,'2015-05-01 08:19:15',1),(1378,27.3,4,'2015-05-01 08:19:15',1),(1379,85.2,5,'2015-05-01 08:19:16',1),(1380,0,6,'2015-05-01 08:19:16',1),(1381,0.858333,11,'2015-05-01 08:19:17',1),(1382,20.187,1,'2015-05-01 08:24:16',1),(1383,22.4,3,'2015-05-01 08:24:17',1),(1384,27.3,4,'2015-05-01 08:24:17',1),(1385,84.8,5,'2015-05-01 08:24:19',1),(1386,0,6,'2015-05-01 08:24:19',1),(1387,0.85,11,'2015-05-01 08:24:19',1),(1388,20.125,1,'2015-05-01 08:29:19',1),(1389,22.4,3,'2015-05-01 08:29:22',1),(1390,27.2,4,'2015-05-01 08:29:22',1),(1391,84.5,5,'2015-05-01 08:29:24',1),(1392,0,6,'2015-05-01 08:29:24',1),(1393,0.854444,11,'2015-05-01 08:29:24',1),(1394,20.125,1,'2015-05-01 08:34:22',1),(1395,22.4,3,'2015-05-01 08:34:24',1),(1396,27.3,4,'2015-05-01 08:34:24',1),(1397,84,5,'2015-05-01 08:34:25',1),(1398,0,6,'2015-05-01 08:34:25',1),(1399,0.855556,11,'2015-05-01 08:34:26',1),(1400,20.125,1,'2015-05-01 08:39:25',1),(1401,22.4,3,'2015-05-01 08:39:26',1),(1402,27.3,4,'2015-05-01 08:39:26',1),(1403,85.2,5,'2015-05-01 08:39:28',1),(1404,0,6,'2015-05-01 08:39:28',1),(1405,0.862222,11,'2015-05-01 08:39:28',1),(1406,20.125,1,'2015-05-01 08:44:28',1),(1407,22.4,3,'2015-05-01 08:44:29',1),(1408,27.3,4,'2015-05-01 08:44:29',1),(1409,84,5,'2015-05-01 08:44:31',1),(1410,0,6,'2015-05-01 08:44:31',1),(1411,0.850556,11,'2015-05-01 08:44:31',1),(1412,20.062,1,'2015-05-01 08:49:31',1),(1413,22.4,3,'2015-05-01 08:49:33',1),(1414,27.3,4,'2015-05-01 08:49:33',1),(1415,85.3,5,'2015-05-01 08:49:34',1),(1416,0,6,'2015-05-01 08:49:34',1),(1417,0.857222,11,'2015-05-01 08:49:35',1),(1418,20.125,1,'2015-05-01 08:54:34',1),(1419,22.4,3,'2015-05-01 08:54:35',1),(1420,27.3,4,'2015-05-01 08:54:35',1),(1421,84.6,5,'2015-05-01 08:54:37',1),(1422,0,6,'2015-05-01 08:54:37',1),(1423,0.857222,11,'2015-05-01 08:54:37',1),(1424,20.062,1,'2015-05-01 08:59:37',1),(1425,22.4,3,'2015-05-01 08:59:38',1),(1426,27.3,4,'2015-05-01 08:59:38',1),(1427,84.6,5,'2015-05-01 08:59:40',1),(1428,0,6,'2015-05-01 08:59:40',1),(1429,0.854444,11,'2015-05-01 08:59:40',1),(1430,20.125,1,'2015-05-01 09:04:40',1),(1431,22.3,3,'2015-05-01 09:04:42',1),(1432,27.4,4,'2015-05-01 09:04:42',1),(1433,84.5,5,'2015-05-01 09:04:43',1),(1434,0,6,'2015-05-01 09:04:43',1),(1435,0.852222,11,'2015-05-01 09:04:44',1),(1436,20.062,1,'2015-05-01 09:09:43',1),(1437,85.2,5,'2015-05-01 09:09:49',1),(1438,0,6,'2015-05-01 09:09:49',1),(1439,0.849444,11,'2015-05-01 09:09:49',1),(1440,20.062,1,'2015-05-01 09:14:46',1),(1441,22.3,3,'2015-05-01 09:14:48',1),(1442,27.5,4,'2015-05-01 09:14:48',1),(1443,84.3,5,'2015-05-01 09:14:49',1),(1444,0,6,'2015-05-01 09:14:49',1),(1445,0.853889,11,'2015-05-01 09:14:50',1),(1446,20.062,1,'2015-05-01 09:19:49',1),(1447,22.3,3,'2015-05-01 09:19:53',1),(1448,27.6,4,'2015-05-01 09:19:53',1),(1449,84.5,5,'2015-05-01 09:19:55',1),(1450,0,6,'2015-05-01 09:19:55',1),(1451,0.856667,11,'2015-05-01 09:19:56',1),(1452,20.062,1,'2015-05-01 09:24:52',1),(1453,84.9,5,'2015-05-01 09:24:58',1),(1454,0,6,'2015-05-01 09:24:58',1),(1455,0.857222,11,'2015-05-01 09:24:59',1),(1456,20.062,1,'2015-05-01 09:29:55',1),(1457,22.3,3,'2015-05-01 09:29:58',1),(1458,27.7,4,'2015-05-01 09:29:58',1),(1459,84.6,5,'2015-05-01 09:30:00',1),(1460,0,6,'2015-05-01 09:30:00',1),(1461,0.856111,11,'2015-05-01 09:30:00',1),(1462,20.062,1,'2015-05-01 09:34:58',1),(1463,22.3,3,'2015-05-01 09:34:59',1),(1464,27.7,4,'2015-05-01 09:34:59',1),(1465,84.7,5,'2015-05-01 09:35:01',1),(1466,0,6,'2015-05-01 09:35:01',1),(1467,0.858333,11,'2015-05-01 09:35:01',1),(1468,20.062,1,'2015-05-01 09:40:01',1),(1469,22.3,3,'2015-05-01 09:40:02',1),(1470,27.9,4,'2015-05-01 09:40:02',1),(1471,84.5,5,'2015-05-01 09:40:04',1),(1472,0,6,'2015-05-01 09:40:04',1),(1473,0.856111,11,'2015-05-01 09:40:04',1),(1474,20,1,'2015-05-01 09:45:04',1),(1475,22.3,3,'2015-05-01 09:45:05',1),(1476,27.9,4,'2015-05-01 09:45:05',1),(1477,84.8,5,'2015-05-01 09:45:07',1),(1478,0,6,'2015-05-01 09:45:07',1),(1479,0.849444,11,'2015-05-01 09:45:07',1),(1480,20.062,1,'2015-05-01 09:50:07',1),(1481,22.3,3,'2015-05-01 09:50:08',1),(1482,27.9,4,'2015-05-01 09:50:08',1),(1483,84.8,5,'2015-05-01 09:50:10',1),(1484,0,6,'2015-05-01 09:50:10',1),(1485,0.859444,11,'2015-05-01 09:50:10',1),(1486,20.062,1,'2015-05-01 09:55:10',1),(1487,22.3,3,'2015-05-01 09:55:12',1),(1488,28.2,4,'2015-05-01 09:55:12',1),(1489,84.5,5,'2015-05-01 09:55:13',1),(1490,0,6,'2015-05-01 09:55:13',1),(1491,0.856111,11,'2015-05-01 09:55:14',1),(1492,20,1,'2015-05-01 10:00:13',1),(1493,22.3,3,'2015-05-01 10:00:14',1),(1494,28.2,4,'2015-05-01 10:00:14',1),(1495,84.5,5,'2015-05-01 10:00:16',1),(1496,0,6,'2015-05-01 10:00:16',1),(1497,0.858889,11,'2015-05-01 10:00:16',1),(1498,20,1,'2015-05-01 10:05:16',1),(1499,22.3,3,'2015-05-01 10:05:17',1),(1500,28.2,4,'2015-05-01 10:05:17',1),(1501,85.2,5,'2015-05-01 10:05:19',1),(1502,0,6,'2015-05-01 10:05:19',1),(1503,0.853333,11,'2015-05-01 10:05:19',1),(1504,20,1,'2015-05-01 10:10:19',1),(1505,22.3,3,'2015-05-01 10:10:22',1),(1506,28.1,4,'2015-05-01 10:10:22',1),(1507,84.6,5,'2015-05-01 10:10:23',1),(1508,0,6,'2015-05-01 10:10:23',1),(1509,0.855556,11,'2015-05-01 10:10:24',1),(1510,20,1,'2015-05-01 10:15:22',1),(1511,22.3,3,'2015-05-01 10:15:25',1),(1512,28.2,4,'2015-05-01 10:15:25',1),(1513,84.5,5,'2015-05-01 10:15:27',1),(1514,0,6,'2015-05-01 10:15:27',1),(1515,0.858333,11,'2015-05-01 10:15:27',1),(1516,20,1,'2015-05-01 10:20:25',1),(1517,22.3,3,'2015-05-01 10:20:27',1),(1518,28.3,4,'2015-05-01 10:20:27',1),(1519,84.8,5,'2015-05-01 10:20:28',1),(1520,0,6,'2015-05-01 10:20:28',1),(1521,0.858333,11,'2015-05-01 10:20:29',1),(1522,20.062,1,'2015-05-01 10:25:28',1),(1523,22.3,3,'2015-05-01 10:25:31',1),(1524,28.2,4,'2015-05-01 10:25:31',1),(1525,84.5,5,'2015-05-01 10:25:33',1),(1526,0,6,'2015-05-01 10:25:33',1),(1527,0.856667,11,'2015-05-01 10:25:33',1),(1528,20,1,'2015-05-01 10:30:31',1),(1529,22.3,3,'2015-05-01 10:30:32',1),(1530,28.4,4,'2015-05-01 10:30:32',1),(1531,84.1,5,'2015-05-01 10:30:34',1),(1532,0,6,'2015-05-01 10:30:34',1),(1533,0.859444,11,'2015-05-01 10:30:34',1),(1534,20.062,1,'2015-05-01 10:35:34',1),(1535,22.3,3,'2015-05-01 10:35:36',1),(1536,28.4,4,'2015-05-01 10:35:36',1),(1537,84.6,5,'2015-05-01 10:35:37',1),(1538,0,6,'2015-05-01 10:35:38',1),(1539,0.853889,11,'2015-05-01 10:35:38',1),(1540,20.062,1,'2015-05-01 10:40:37',1),(1541,84.8,5,'2015-05-01 10:40:43',1),(1542,0,6,'2015-05-01 10:40:43',1),(1543,0.858889,11,'2015-05-01 10:40:44',1),(1544,20.062,1,'2015-05-01 10:45:40',1),(1545,22.3,3,'2015-05-01 10:45:43',1),(1546,28.3,4,'2015-05-01 10:45:43',1),(1547,84.5,5,'2015-05-01 10:45:45',1),(1548,0,6,'2015-05-01 10:45:45',1),(1549,0.852778,11,'2015-05-01 10:45:45',1),(1550,20.062,1,'2015-05-01 10:50:43',1),(1551,22.3,3,'2015-05-01 10:50:45',1),(1552,28.5,4,'2015-05-01 10:50:45',1),(1553,84.5,5,'2015-05-01 10:50:47',1),(1554,0,6,'2015-05-01 10:50:47',1),(1555,0.858333,11,'2015-05-01 10:50:47',1),(1556,20.062,1,'2015-05-01 10:55:46',1),(1557,22.3,3,'2015-05-01 10:55:48',1),(1558,28.4,4,'2015-05-01 10:55:48',1),(1559,84.4,5,'2015-05-01 10:55:49',1),(1560,0,6,'2015-05-01 10:55:49',1),(1561,0.859444,11,'2015-05-01 10:55:50',1),(1562,20.062,1,'2015-05-01 11:00:49',1),(1563,22.4,3,'2015-05-01 11:00:53',1),(1564,28.2,4,'2015-05-01 11:00:53',1),(1565,84.8,5,'2015-05-01 11:00:54',1),(1566,0,6,'2015-05-01 11:00:55',1),(1567,0.860556,11,'2015-05-01 11:00:55',1),(1568,20.062,1,'2015-05-01 11:05:52',1),(1569,86.7,5,'2015-05-01 11:05:58',1),(1570,0,6,'2015-05-01 11:05:58',1),(1571,0.859444,11,'2015-05-01 11:05:59',1),(1572,20.062,1,'2015-05-01 11:10:55',1),(1573,22.3,3,'2015-05-01 11:10:58',1),(1574,28.2,4,'2015-05-01 11:10:58',1),(1575,84.4,5,'2015-05-01 11:10:59',1),(1576,0,6,'2015-05-01 11:10:59',1),(1577,0.86,11,'2015-05-01 11:11:00',1),(1578,20.062,1,'2015-05-01 11:15:58',1),(1579,22.3,3,'2015-05-01 11:16:00',1),(1580,28.1,4,'2015-05-01 11:16:00',1),(1581,84.6,5,'2015-05-01 11:16:01',1),(1582,0,6,'2015-05-01 11:16:02',1),(1583,0.860556,11,'2015-05-01 11:16:02',1),(1584,20.062,1,'2015-05-01 11:21:01',1),(1585,22.3,3,'2015-05-01 11:21:06',1),(1586,28.2,4,'2015-05-01 11:21:06',1),(1587,84.2,5,'2015-05-01 11:21:07',1),(1588,0,6,'2015-05-01 11:21:07',1),(1589,0.861667,11,'2015-05-01 11:21:08',1),(1590,20.062,1,'2015-05-01 11:26:04',1),(1591,22.3,3,'2015-05-01 11:26:05',1),(1592,28.2,4,'2015-05-01 11:26:05',1),(1593,84.7,5,'2015-05-01 11:26:07',1),(1594,0,6,'2015-05-01 11:26:07',1),(1595,0.860556,11,'2015-05-01 11:26:07',1),(1596,20.062,1,'2015-05-01 11:31:07',1),(1597,22.4,3,'2015-05-01 11:31:10',1),(1598,28.3,4,'2015-05-01 11:31:10',1),(1599,84.3,5,'2015-05-01 11:31:11',1),(1600,0,6,'2015-05-01 11:31:11',1),(1601,0.859444,11,'2015-05-01 11:31:12',1),(1602,20.062,1,'2015-05-01 11:36:10',1),(1603,22.4,3,'2015-05-01 11:36:11',1),(1604,28.2,4,'2015-05-01 11:36:11',1),(1605,84,5,'2015-05-01 11:36:13',1),(1606,0,6,'2015-05-01 11:36:13',1),(1607,0.859444,11,'2015-05-01 11:36:13',1),(1608,20.062,1,'2015-05-01 11:41:13',1),(1609,84.4,5,'2015-05-01 11:41:19',1),(1610,0,6,'2015-05-01 11:41:19',1),(1611,0.856111,11,'2015-05-01 11:41:20',1),(1612,20.062,1,'2015-05-01 11:46:16',1),(1613,22.3,3,'2015-05-01 11:46:19',1),(1614,28.3,4,'2015-05-01 11:46:19',1),(1615,84.1,5,'2015-05-01 11:46:20',1),(1616,0,6,'2015-05-01 11:46:20',1),(1617,0.863333,11,'2015-05-01 11:46:21',1),(1618,20.062,1,'2015-05-01 11:51:19',1),(1619,22.4,3,'2015-05-01 11:51:22',1),(1620,28.4,4,'2015-05-01 11:51:22',1),(1621,84.7,5,'2015-05-01 11:51:24',1),(1622,0,6,'2015-05-01 11:51:24',1),(1623,0.858333,11,'2015-05-01 11:51:24',1),(1624,20.125,1,'2015-05-01 11:56:22',1),(1625,84.6,5,'2015-05-01 11:56:28',1),(1626,0,6,'2015-05-01 11:56:28',1),(1627,0.852222,11,'2015-05-01 11:56:29',1),(1628,20.125,1,'2015-05-01 12:01:25',1),(1629,22.3,3,'2015-05-01 12:01:26',1),(1630,28.5,4,'2015-05-01 12:01:26',1),(1631,84.3,5,'2015-05-01 12:01:27',1),(1632,0,6,'2015-05-01 12:01:27',1),(1633,0.863889,11,'2015-05-01 12:01:28',1),(1634,20.125,1,'2015-05-01 12:06:27',1),(1635,22.3,3,'2015-05-01 12:06:27',1),(1636,28.5,4,'2015-05-01 12:06:27',1),(1637,83.9,5,'2015-05-01 12:06:29',1),(1638,0,6,'2015-05-01 12:06:29',1),(1639,0.860556,11,'2015-05-01 12:06:29',1),(1640,20.125,1,'2015-05-01 12:11:29',1),(1641,22.3,3,'2015-05-01 12:11:29',1),(1642,28.8,4,'2015-05-01 12:11:30',1),(1643,84.6,5,'2015-05-01 12:11:31',1),(1644,0,6,'2015-05-01 12:11:31',1),(1645,0.858889,11,'2015-05-01 12:11:32',1),(1646,20.125,1,'2015-05-01 12:16:31',1),(1647,22.4,3,'2015-05-01 12:16:32',1),(1648,28.8,4,'2015-05-01 12:16:32',1),(1649,83.7,5,'2015-05-01 12:16:33',1),(1650,0,6,'2015-05-01 12:16:33',1),(1651,0.854444,11,'2015-05-01 12:16:34',1),(1652,20.125,1,'2015-05-01 12:21:33',1),(1653,22.3,3,'2015-05-01 12:21:35',1),(1654,28.8,4,'2015-05-01 12:21:35',1),(1655,83.9,5,'2015-05-01 12:21:37',1),(1656,0,6,'2015-05-01 12:21:37',1),(1657,0.858333,11,'2015-05-01 12:21:37',1),(1658,20.125,1,'2015-05-01 12:26:35',1),(1659,22.4,3,'2015-05-01 12:26:36',1),(1660,28.8,4,'2015-05-01 12:26:36',1),(1661,83.7,5,'2015-05-01 12:26:38',1),(1662,0,6,'2015-05-01 12:26:38',1),(1663,0.860556,11,'2015-05-01 12:26:38',1),(1664,20.125,1,'2015-05-01 12:31:37',1),(1665,22.3,3,'2015-05-01 12:31:37',1),(1666,28.8,4,'2015-05-01 12:31:37',1),(1667,84.3,5,'2015-05-01 12:31:39',1),(1668,0,6,'2015-05-01 12:31:39',1),(1669,0.858889,11,'2015-05-01 12:31:40',1),(1670,20.125,1,'2015-05-01 12:36:39',1),(1671,22.4,3,'2015-05-01 12:36:43',1),(1672,28.7,4,'2015-05-01 12:36:43',1),(1673,85.8,5,'2015-05-01 12:36:45',1),(1674,0,6,'2015-05-01 12:36:45',1),(1675,0.858333,11,'2015-05-01 12:36:45',1),(1676,20.125,1,'2015-05-01 12:41:41',1),(1677,22.3,3,'2015-05-01 12:41:44',1),(1678,28.7,4,'2015-05-01 12:41:44',1),(1679,84.2,5,'2015-05-01 12:41:45',1),(1680,0,6,'2015-05-01 12:41:45',1),(1681,0.863889,11,'2015-05-01 12:41:46',1),(1682,20.125,1,'2015-05-01 12:46:43',1),(1683,22.4,3,'2015-05-01 12:46:45',1),(1684,28.8,4,'2015-05-01 12:46:45',1),(1685,84.2,5,'2015-05-01 12:46:46',1),(1686,0,6,'2015-05-01 12:46:47',1),(1687,0.858333,11,'2015-05-01 12:46:47',1),(1688,20.062,1,'2015-05-01 12:51:45',1),(1689,22.4,3,'2015-05-01 12:51:46',1),(1690,28.7,4,'2015-05-01 12:51:46',1),(1691,83.8,5,'2015-05-01 12:51:47',1),(1692,0,6,'2015-05-01 12:51:47',1),(1693,0.860556,11,'2015-05-01 12:51:48',1),(1694,20.125,1,'2015-05-01 12:56:46',1),(1695,22.3,3,'2015-05-01 12:56:51',1),(1696,28.8,4,'2015-05-01 12:56:51',1),(1697,84.6,5,'2015-05-01 12:56:52',1),(1698,0,6,'2015-05-01 12:56:53',1),(1699,0.863333,11,'2015-05-01 12:56:53',1),(1700,20.125,1,'2015-05-01 13:01:48',1),(1701,22.4,3,'2015-05-01 13:01:49',1),(1702,28.8,4,'2015-05-01 13:01:49',1),(1703,84,5,'2015-05-01 13:01:51',1),(1704,0,6,'2015-05-01 13:01:51',1),(1705,0.86,11,'2015-05-01 13:01:52',1),(1706,20.125,1,'2015-05-01 13:06:51',1),(1707,22.4,3,'2015-05-01 13:06:53',1),(1708,28.6,4,'2015-05-01 13:06:53',1),(1709,84.1,5,'2015-05-01 13:06:54',1),(1710,0,6,'2015-05-01 13:06:55',1),(1711,0.857778,11,'2015-05-01 13:06:55',1),(1712,20.187,1,'2015-05-01 13:11:53',1),(1713,22.4,3,'2015-05-01 13:11:56',1),(1714,28.6,4,'2015-05-01 13:11:56',1),(1715,84.7,5,'2015-05-01 13:11:58',1),(1716,0,6,'2015-05-01 13:11:58',1),(1717,0.86,11,'2015-05-01 13:11:58',1),(1718,20.125,1,'2015-05-01 13:16:55',1),(1719,22.4,3,'2015-05-01 13:16:56',1),(1720,28.6,4,'2015-05-01 13:16:56',1),(1721,83.4,5,'2015-05-01 13:16:57',1),(1722,0,6,'2015-05-01 13:16:57',1),(1723,0.856111,11,'2015-05-01 13:16:58',1),(1724,20.125,1,'2015-05-01 13:21:56',1),(1725,22.4,3,'2015-05-01 13:22:01',1),(1726,28.6,4,'2015-05-01 13:22:01',1),(1727,84.8,5,'2015-05-01 13:22:03',1),(1728,0,6,'2015-05-01 13:22:03',1),(1729,0.858333,11,'2015-05-01 13:22:03',1),(1730,20.125,1,'2015-05-01 13:26:59',1),(1731,22.4,3,'2015-05-01 13:27:02',1),(1732,28.6,4,'2015-05-01 13:27:02',1),(1733,83.8,5,'2015-05-01 13:27:04',1),(1734,0,6,'2015-05-01 13:27:04',1),(1735,0.861111,11,'2015-05-01 13:27:04',1),(1736,20.125,1,'2015-05-01 13:32:01',1),(1737,22.4,3,'2015-05-01 13:32:05',1),(1738,28.7,4,'2015-05-01 13:32:05',1),(1739,84.8,5,'2015-05-01 13:32:07',1),(1740,0,6,'2015-05-01 13:32:07',1),(1741,0.862222,11,'2015-05-01 13:32:07',1),(1742,20.125,1,'2015-05-01 13:37:02',1),(1743,84,5,'2015-05-01 13:37:09',1),(1744,0,6,'2015-05-01 13:37:09',1),(1745,0.86,11,'2015-05-01 13:37:09',1),(1746,20.187,1,'2015-05-01 13:42:05',1),(1747,22.4,3,'2015-05-01 13:42:05',1),(1748,28.5,4,'2015-05-01 13:42:06',1),(1749,84.5,5,'2015-05-01 13:42:07',1),(1750,0,6,'2015-05-01 13:42:07',1),(1751,0.862222,11,'2015-05-01 13:42:08',1),(1752,20.187,1,'2015-05-01 13:47:06',1),(1753,22.4,3,'2015-05-01 13:47:09',1),(1754,28.3,4,'2015-05-01 13:47:09',1),(1755,83.8,5,'2015-05-01 13:47:10',1),(1756,0,6,'2015-05-01 13:47:10',1),(1757,0.863333,11,'2015-05-01 13:47:11',1),(1758,20.125,1,'2015-05-01 13:52:08',1),(1759,22.4,3,'2015-05-01 13:52:09',1),(1760,28.3,4,'2015-05-01 13:52:09',1),(1761,84.6,5,'2015-05-01 13:52:11',1),(1762,0,6,'2015-05-01 13:52:11',1),(1763,0.857778,11,'2015-05-01 13:52:12',1),(1764,20.125,1,'2015-05-01 13:57:10',1),(1765,84.5,5,'2015-05-01 13:57:16',1),(1766,0,6,'2015-05-01 13:57:16',1),(1767,0.858889,11,'2015-05-01 13:57:17',1),(1768,20.125,1,'2015-05-01 14:02:13',1),(1769,22.3,3,'2015-05-01 14:02:14',1),(1770,28.4,4,'2015-05-01 14:02:14',1),(1771,83.9,5,'2015-05-01 14:02:16',1),(1772,0,6,'2015-05-01 14:02:16',1),(1773,0.858333,11,'2015-05-01 14:02:16',1),(1774,20.125,1,'2015-05-01 14:07:15',1),(1775,22.4,3,'2015-05-01 14:07:15',1),(1776,28.3,4,'2015-05-01 14:07:15',1),(1777,83.8,5,'2015-05-01 14:07:17',1),(1778,0,6,'2015-05-01 14:07:17',1),(1779,0.857222,11,'2015-05-01 14:07:18',1),(1780,20.125,1,'2015-05-01 14:12:16',1),(1781,83.8,5,'2015-05-01 14:12:22',1),(1782,0,6,'2015-05-01 14:12:23',1),(1783,0.863889,11,'2015-05-01 14:12:23',1),(1784,20.187,1,'2015-05-01 14:17:19',1),(1785,22.3,3,'2015-05-01 14:17:20',1),(1786,28.4,4,'2015-05-01 14:17:20',1),(1787,83.9,5,'2015-05-01 14:17:21',1),(1788,0,6,'2015-05-01 14:17:21',1),(1789,0.862778,11,'2015-05-01 14:17:22',1),(1790,20.125,1,'2015-05-01 14:22:21',1),(1791,22.3,3,'2015-05-01 14:22:22',1),(1792,28.3,4,'2015-05-01 14:22:22',1),(1793,84.2,5,'2015-05-01 14:22:24',1),(1794,0,6,'2015-05-01 14:22:24',1),(1795,0.86,11,'2015-05-01 14:22:25',1),(1796,20.125,1,'2015-05-01 14:27:22',1),(1797,22.4,3,'2015-05-01 14:27:24',1),(1798,28.5,4,'2015-05-01 14:27:24',1),(1799,83.9,5,'2015-05-01 14:27:26',1),(1800,0,6,'2015-05-01 14:27:26',1),(1801,0.862222,11,'2015-05-01 14:27:26',1),(1802,20.125,1,'2015-05-01 14:32:25',1),(1803,22.4,3,'2015-05-01 14:32:26',1),(1804,28.3,4,'2015-05-01 14:32:26',1),(1805,84.3,5,'2015-05-01 14:32:28',1),(1806,0,6,'2015-05-01 14:32:28',1),(1807,0.866667,11,'2015-05-01 14:32:28',1),(1808,20.187,1,'2015-05-01 14:37:27',1),(1809,22.3,3,'2015-05-01 14:37:28',1),(1810,28.3,4,'2015-05-01 14:37:28',1),(1811,84.1,5,'2015-05-01 14:37:30',1),(1812,0,6,'2015-05-01 14:37:30',1),(1813,0.860556,11,'2015-05-01 14:37:30',1),(1814,20.187,1,'2015-05-01 14:42:28',1),(1815,22.3,3,'2015-05-01 14:42:29',1),(1816,28.4,4,'2015-05-01 14:42:30',1),(1817,83.9,5,'2015-05-01 14:42:31',1),(1818,0,6,'2015-05-01 14:42:31',1),(1819,0.864444,11,'2015-05-01 14:42:32',1),(1820,20.187,1,'2015-05-01 14:47:30',1),(1821,22.4,3,'2015-05-01 14:47:33',1),(1822,28.3,4,'2015-05-01 14:47:33',1),(1823,84.5,5,'2015-05-01 14:47:34',1),(1824,0,6,'2015-05-01 14:47:35',1),(1825,0.86,11,'2015-05-01 14:47:35',1),(1826,20.187,1,'2015-05-01 14:52:32',1),(1827,22.4,3,'2015-05-01 14:52:34',1),(1828,28.3,4,'2015-05-01 14:52:34',1),(1829,84.5,5,'2015-05-01 14:52:36',1),(1830,0,6,'2015-05-01 14:52:36',1),(1831,0.857778,11,'2015-05-01 14:52:37',1),(1832,20.187,1,'2015-05-01 14:57:34',1),(1833,84.4,5,'2015-05-01 14:57:41',1),(1834,0,6,'2015-05-01 14:57:41',1),(1835,0.862778,11,'2015-05-01 14:57:41',1),(1836,20.187,1,'2015-05-01 15:02:36',1),(1837,84.3,5,'2015-05-01 15:02:42',1),(1838,0,6,'2015-05-01 15:02:43',1),(1839,0.854444,11,'2015-05-01 15:02:43',1),(1840,20.187,1,'2015-05-01 15:07:39',1),(1841,22.3,3,'2015-05-01 15:07:39',1),(1842,28.2,4,'2015-05-01 15:07:39',1),(1843,84.6,5,'2015-05-01 15:07:41',1),(1844,0,6,'2015-05-01 15:07:41',1),(1845,0.862222,11,'2015-05-01 15:07:42',1),(1846,20.187,1,'2015-05-01 15:12:40',1),(1847,22.4,3,'2015-05-01 15:12:43',1),(1848,27.3,4,'2015-05-01 15:12:43',1),(1849,84.1,5,'2015-05-01 15:12:44',1),(1850,0,6,'2015-05-01 15:12:44',1),(1851,0.862222,11,'2015-05-01 15:12:45',1),(1852,20.25,1,'2015-05-01 15:17:42',1),(1853,22.4,3,'2015-05-01 15:17:46',1),(1854,28.1,4,'2015-05-01 15:17:46',1),(1855,84,5,'2015-05-01 15:17:47',1),(1856,0,6,'2015-05-01 15:17:47',1),(1857,0.860556,11,'2015-05-01 15:17:48',1),(1858,20.25,1,'2015-05-01 15:22:44',1),(1859,22.4,3,'2015-05-01 15:22:45',1),(1860,28.2,4,'2015-05-01 15:22:45',1),(1861,84,5,'2015-05-01 15:22:47',1),(1862,0,6,'2015-05-01 15:22:47',1),(1863,0.864444,11,'2015-05-01 15:22:47',1),(1864,20.187,1,'2015-05-01 15:27:46',1),(1865,22.4,3,'2015-05-01 15:27:48',1),(1866,28,4,'2015-05-01 15:27:48',1),(1867,84,5,'2015-05-01 15:27:50',1),(1868,0,6,'2015-05-01 15:27:50',1),(1869,0.863333,11,'2015-05-01 15:27:50',1),(1870,20.187,1,'2015-05-01 15:32:49',1),(1871,22.4,3,'2015-05-01 15:32:52',1),(1872,28.3,4,'2015-05-01 15:32:52',1),(1873,83.4,5,'2015-05-01 15:32:53',1),(1874,0,6,'2015-05-01 15:32:53',1),(1875,0.867778,11,'2015-05-01 15:32:54',1),(1876,20.187,1,'2015-05-01 15:37:50',1),(1877,22.4,3,'2015-05-01 15:37:53',1),(1878,28.3,4,'2015-05-01 15:37:53',1),(1879,84.6,5,'2015-05-01 15:37:55',1),(1880,0,6,'2015-05-01 15:37:55',1),(1881,0.866111,11,'2015-05-01 15:37:55',1),(1882,20.187,1,'2015-05-01 15:42:52',1),(1883,22.4,3,'2015-05-01 15:42:55',1),(1884,28.1,4,'2015-05-01 15:42:55',1),(1885,84.1,5,'2015-05-01 15:42:57',1),(1886,0,6,'2015-05-01 15:42:57',1),(1887,0.866111,11,'2015-05-01 15:42:57',1),(1888,20.187,1,'2015-05-01 15:47:54',1),(1889,22.4,3,'2015-05-01 15:47:56',1),(1890,28.2,4,'2015-05-01 15:47:56',1),(1891,85.5,5,'2015-05-01 15:47:58',1),(1892,0,6,'2015-05-01 15:47:58',1),(1893,0.868889,11,'2015-05-01 15:47:58',1),(1894,20.187,1,'2015-05-01 15:52:56',1),(1895,22.4,3,'2015-05-01 15:52:58',1),(1896,28.4,4,'2015-05-01 15:52:58',1),(1897,85.1,5,'2015-05-01 15:53:00',1),(1898,0,6,'2015-05-01 15:53:00',1),(1899,0.864444,11,'2015-05-01 15:53:00',1),(1900,20.125,1,'2015-05-01 15:57:58',1),(1901,22.4,3,'2015-05-01 15:58:02',1),(1902,28.8,4,'2015-05-01 15:58:02',1),(1903,84.5,5,'2015-05-01 15:58:04',1),(1904,0,6,'2015-05-01 15:58:04',1),(1905,0.862778,11,'2015-05-01 15:58:05',1),(1906,20.062,1,'2015-05-01 16:03:00',1),(1907,22.4,3,'2015-05-01 16:03:03',1),(1908,28.8,4,'2015-05-01 16:03:03',1),(1909,84,5,'2015-05-01 16:03:05',1),(1910,0,6,'2015-05-01 16:03:05',1),(1911,0.858889,11,'2015-05-01 16:03:05',1),(1912,20.062,1,'2015-05-01 16:08:03',1),(1913,84.7,5,'2015-05-01 16:08:10',1),(1914,0,6,'2015-05-01 16:08:10',1),(1915,0.86,11,'2015-05-01 16:08:10',1),(1916,20.062,1,'2015-05-01 16:13:06',1),(1917,22.4,3,'2015-05-01 16:13:11',1),(1918,28.5,4,'2015-05-01 16:13:11',1),(1919,84.3,5,'2015-05-01 16:13:12',1),(1920,0,6,'2015-05-01 16:13:12',1),(1921,0.863889,11,'2015-05-01 16:13:13',1),(1922,20.062,1,'2015-05-01 16:18:09',1),(1923,22.4,3,'2015-05-01 16:18:10',1),(1924,28.5,4,'2015-05-01 16:18:10',1),(1925,83.9,5,'2015-05-01 16:18:12',1),(1926,0,6,'2015-05-01 16:18:12',1),(1927,0.861667,11,'2015-05-01 16:18:13',1),(1928,20.062,1,'2015-05-01 16:23:12',1),(1929,22.4,3,'2015-05-01 16:23:13',1),(1930,28.8,4,'2015-05-01 16:23:13',1),(1931,84,5,'2015-05-01 16:23:15',1),(1932,0,6,'2015-05-01 16:23:15',1),(1933,0.862778,11,'2015-05-01 16:23:16',1),(1934,20.062,1,'2015-05-01 16:28:15',1),(1935,22.4,3,'2015-05-01 16:28:17',1),(1936,28.5,4,'2015-05-01 16:28:17',1),(1937,84.7,5,'2015-05-01 16:28:19',1),(1938,0,6,'2015-05-01 16:28:19',1),(1939,0.869444,11,'2015-05-01 16:28:19',1),(1940,20.062,1,'2015-05-01 16:33:18',1),(1941,84,5,'2015-05-01 16:33:25',1),(1942,0,6,'2015-05-01 16:33:25',1),(1943,0.862222,11,'2015-05-01 16:33:25',1),(1944,20.062,1,'2015-05-01 16:38:21',1),(1945,22.4,3,'2015-05-01 16:38:26',1),(1946,28.4,4,'2015-05-01 16:38:26',1),(1947,83.8,5,'2015-05-01 16:38:27',1),(1948,0,6,'2015-05-01 16:38:27',1),(1949,0.867778,11,'2015-05-01 16:38:28',1),(1950,20.062,1,'2015-05-01 16:43:24',1),(1951,22.4,3,'2015-05-01 16:43:25',1),(1952,28.4,4,'2015-05-01 16:43:25',1),(1953,84,5,'2015-05-01 16:43:27',1),(1954,0,6,'2015-05-01 16:43:27',1),(1955,0.860556,11,'2015-05-01 16:43:28',1),(1956,20.125,1,'2015-05-01 16:48:27',1),(1957,22.3,3,'2015-05-01 16:48:28',1),(1958,28.4,4,'2015-05-01 16:48:28',1),(1959,84.6,5,'2015-05-01 16:48:30',1),(1960,0,6,'2015-05-01 16:48:30',1),(1961,0.867778,11,'2015-05-01 16:48:31',1),(1962,20.125,1,'2015-05-01 16:53:30',1),(1963,22.4,3,'2015-05-01 16:53:32',1),(1964,28.3,4,'2015-05-01 16:53:32',1),(1965,84.3,5,'2015-05-01 16:53:34',1),(1966,0,6,'2015-05-01 16:53:34',1),(1967,0.864444,11,'2015-05-01 16:53:34',1),(1968,20.187,1,'2015-05-01 16:58:33',1),(1969,22.4,3,'2015-05-01 16:58:35',1),(1970,28.4,4,'2015-05-01 16:58:35',1),(1971,84.2,5,'2015-05-01 16:58:37',1),(1972,0,6,'2015-05-01 16:58:37',1),(1973,0.861667,11,'2015-05-01 16:58:37',1),(1974,20.125,1,'2015-05-01 17:03:36',1),(1975,22.4,3,'2015-05-01 17:03:40',1),(1976,28.3,4,'2015-05-01 17:03:40',1),(1977,84.7,5,'2015-05-01 17:03:41',1),(1978,0,6,'2015-05-01 17:03:42',1),(1979,0.859444,11,'2015-05-01 17:03:42',1),(1980,20.125,1,'2015-05-01 17:08:39',1),(1981,22.4,3,'2015-05-01 17:08:44',1),(1982,28.3,4,'2015-05-01 17:08:44',1),(1983,83.3,5,'2015-05-01 17:08:46',1),(1984,0,6,'2015-05-01 17:08:46',1),(1985,0.862222,11,'2015-05-01 17:08:46',1),(1986,20.125,1,'2015-05-01 17:13:42',1),(1987,84.2,5,'2015-05-01 17:13:49',1),(1988,0,6,'2015-05-01 17:13:49',1),(1989,0.862778,11,'2015-05-01 17:13:49',1),(1990,20.125,1,'2015-05-01 17:18:45',1),(1991,22.4,3,'2015-05-01 17:18:47',1),(1992,28.5,4,'2015-05-01 17:18:47',1),(1993,83.7,5,'2015-05-01 17:18:49',1),(1994,0,6,'2015-05-01 17:18:49',1),(1995,0.859444,11,'2015-05-01 17:18:49',1),(1996,20.187,1,'2015-05-01 17:23:48',1),(1997,22.4,3,'2015-05-01 17:23:49',1),(1998,28.5,4,'2015-05-01 17:23:49',1),(1999,83.7,5,'2015-05-01 17:23:51',1),(2000,0,6,'2015-05-01 17:23:51',1),(2001,0.868889,11,'2015-05-01 17:23:51',1),(2002,20.125,1,'2015-05-01 17:28:51',1),(2003,22.4,3,'2015-05-01 17:28:52',1),(2004,28.2,4,'2015-05-01 17:28:52',1),(2005,84.3,5,'2015-05-01 17:28:54',1),(2006,0,6,'2015-05-01 17:28:54',1),(2007,0.860556,11,'2015-05-01 17:28:54',1),(2008,20.125,1,'2015-05-01 17:33:54',1),(2009,22.4,3,'2015-05-01 17:33:56',1),(2010,28.4,4,'2015-05-01 17:33:56',1),(2011,83.8,5,'2015-05-01 17:33:58',1),(2012,0,6,'2015-05-01 17:33:58',1),(2013,0.863889,11,'2015-05-01 17:33:59',1),(2014,20.187,1,'2015-05-01 17:38:57',1),(2015,22.4,3,'2015-05-01 17:38:59',1),(2016,28.3,4,'2015-05-01 17:38:59',1),(2017,83.9,5,'2015-05-01 17:39:01',1),(2018,0,6,'2015-05-01 17:39:01',1),(2019,0.868333,11,'2015-05-01 17:39:02',1),(2020,20.187,1,'2015-05-01 17:44:00',1),(2021,83.7,5,'2015-05-01 17:44:07',1),(2022,0,6,'2015-05-01 17:44:07',1),(2023,0.864444,11,'2015-05-01 17:44:08',1),(2024,20.187,1,'2015-05-01 17:49:03',1),(2025,22.4,3,'2015-05-01 17:49:06',1),(2026,28.7,4,'2015-05-01 17:49:06',1),(2027,84.4,5,'2015-05-01 17:49:07',1),(2028,0,6,'2015-05-01 17:49:08',1),(2029,0.87,11,'2015-05-01 17:49:08',1),(2030,20.187,1,'2015-05-01 17:54:06',1),(2031,22.4,3,'2015-05-01 17:54:07',1),(2032,28.7,4,'2015-05-01 17:54:07',1),(2033,83.8,5,'2015-05-01 17:54:09',1),(2034,0,6,'2015-05-01 17:54:09',1),(2035,0.862222,11,'2015-05-01 17:54:09',1),(2036,20.125,1,'2015-05-01 17:59:09',1),(2037,22.4,3,'2015-05-01 17:59:13',1),(2038,28.6,4,'2015-05-01 17:59:13',1),(2039,83.2,5,'2015-05-01 17:59:14',1),(2040,0,6,'2015-05-01 17:59:15',1),(2041,0.858333,11,'2015-05-01 17:59:15',1),(2042,20.125,1,'2015-05-01 18:04:12',1),(2043,22.4,3,'2015-05-01 18:04:14',1),(2044,28.5,4,'2015-05-01 18:04:14',1),(2045,83.9,5,'2015-05-01 18:04:16',1),(2046,0,6,'2015-05-01 18:04:16',1),(2047,0.863889,11,'2015-05-01 18:04:17',1),(2048,20.187,1,'2015-05-01 18:09:15',1),(2049,22.4,3,'2015-05-01 18:09:18',1),(2050,28.6,4,'2015-05-01 18:09:18',1),(2051,82.8,5,'2015-05-01 18:09:20',1),(2052,0,6,'2015-05-01 18:09:20',1),(2053,0.865,11,'2015-05-01 18:09:20',1),(2054,20.187,1,'2015-05-01 18:14:18',1),(2055,22.4,3,'2015-05-01 18:14:19',1),(2056,28.6,4,'2015-05-01 18:14:19',1),(2057,84.2,5,'2015-05-01 18:14:21',1),(2058,0,6,'2015-05-01 18:14:21',1),(2059,0.869444,11,'2015-05-01 18:14:22',1),(2060,20.187,1,'2015-05-01 18:19:21',1),(2061,22.3,3,'2015-05-01 18:19:24',1),(2062,28.8,4,'2015-05-01 18:19:24',1),(2063,84,5,'2015-05-01 18:19:25',1),(2064,0,6,'2015-05-01 18:19:25',1),(2065,0.859444,11,'2015-05-01 18:19:26',1),(2066,20.187,1,'2015-05-01 18:24:24',1),(2067,22.3,3,'2015-05-01 18:24:26',1),(2068,28.7,4,'2015-05-01 18:24:26',1),(2069,83.9,5,'2015-05-01 18:24:28',1),(2070,0,6,'2015-05-01 18:24:28',1),(2071,0.863333,11,'2015-05-01 18:24:29',1),(2072,20.187,1,'2015-05-01 18:29:28',1),(2073,22.4,3,'2015-05-01 18:29:28',1),(2074,28.7,4,'2015-05-01 18:29:28',1),(2075,84.5,5,'2015-05-01 18:29:30',1),(2076,0,6,'2015-05-01 18:29:30',1),(2077,0.862222,11,'2015-05-01 18:29:30',1),(2078,20.187,1,'2015-05-01 18:34:30',1),(2079,22.4,3,'2015-05-01 18:34:32',1),(2080,28.8,4,'2015-05-01 18:34:32',1),(2081,84.4,5,'2015-05-01 18:34:34',1),(2082,0,6,'2015-05-01 18:34:34',1),(2083,0.863333,11,'2015-05-01 18:34:34',1),(2084,20.187,1,'2015-05-01 18:39:34',1),(2085,22.4,3,'2015-05-01 18:39:34',1),(2086,28.9,4,'2015-05-01 18:39:34',1),(2087,84.3,5,'2015-05-01 18:39:36',1),(2088,0,6,'2015-05-01 18:39:36',1),(2089,0.862778,11,'2015-05-01 18:39:37',1),(2090,20.187,1,'2015-05-01 18:44:36',1),(2091,22.4,3,'2015-05-01 18:44:37',1),(2092,28.8,4,'2015-05-01 18:44:37',1),(2093,84.1,5,'2015-05-01 18:44:39',1),(2094,0,6,'2015-05-01 18:44:39',1),(2095,0.864444,11,'2015-05-01 18:44:39',1),(2096,20.187,1,'2015-05-01 18:49:40',1),(2097,22.4,3,'2015-05-01 18:49:41',1),(2098,29,4,'2015-05-01 18:49:41',1),(2099,84,5,'2015-05-01 18:49:43',1),(2100,0,6,'2015-05-01 18:49:43',1),(2101,0.866667,11,'2015-05-01 18:49:44',1),(2102,20.187,1,'2015-05-01 18:54:42',1),(2103,22.3,3,'2015-05-01 18:54:46',1),(2104,29,4,'2015-05-01 18:54:46',1),(2105,84.2,5,'2015-05-01 18:54:47',1),(2106,0,6,'2015-05-01 18:54:48',1),(2107,0.863889,11,'2015-05-01 18:54:48',1),(2108,20.187,1,'2015-05-01 18:59:45',1),(2109,22.3,3,'2015-05-01 18:59:47',1),(2110,29,4,'2015-05-01 18:59:47',1),(2111,84.6,5,'2015-05-01 18:59:48',1),(2112,0,6,'2015-05-01 18:59:49',1),(2113,0.861111,11,'2015-05-01 18:59:49',1),(2114,20.125,1,'2015-05-01 19:04:48',1),(2115,22.3,3,'2015-05-01 19:04:49',1),(2116,29,4,'2015-05-01 19:04:49',1),(2117,84.9,5,'2015-05-01 19:04:51',1),(2118,0,6,'2015-05-01 19:04:51',1),(2119,0.868889,11,'2015-05-01 19:04:51',1),(2120,20.187,1,'2015-05-01 19:09:51',1),(2121,22.3,3,'2015-05-01 19:09:55',1),(2122,29.1,4,'2015-05-01 19:09:55',1),(2123,84.3,5,'2015-05-01 19:09:57',1),(2124,0,6,'2015-05-01 19:09:57',1),(2125,0.864444,11,'2015-05-01 19:09:57',1),(2126,20.187,1,'2015-05-01 19:14:54',1),(2127,22.3,3,'2015-05-01 19:14:55',1),(2128,29.1,4,'2015-05-01 19:14:55',1),(2129,84,5,'2015-05-01 19:14:57',1),(2130,0,6,'2015-05-01 19:14:57',1),(2131,0.86,11,'2015-05-01 19:14:58',1),(2132,20.187,1,'2015-05-01 19:19:57',1),(2133,22.3,3,'2015-05-01 19:19:59',1),(2134,29.2,4,'2015-05-01 19:19:59',1),(2135,85,5,'2015-05-01 19:20:01',1),(2136,0,6,'2015-05-01 19:20:01',1),(2137,0.861111,11,'2015-05-01 19:20:02',1),(2138,20.187,1,'2015-05-01 19:25:01',1),(2139,22.3,3,'2015-05-01 19:25:03',1),(2140,29.4,4,'2015-05-01 19:25:03',1),(2141,83.4,5,'2015-05-01 19:25:04',1),(2142,0,6,'2015-05-01 19:25:04',1),(2143,0.866667,11,'2015-05-01 19:25:05',1),(2144,20.187,1,'2015-05-01 19:30:04',1),(2145,22.3,3,'2015-05-01 19:30:04',1),(2146,29.3,4,'2015-05-01 19:30:04',1),(2147,83.8,5,'2015-05-01 19:30:06',1),(2148,0,6,'2015-05-01 19:30:06',1),(2149,0.865556,11,'2015-05-01 19:30:07',1),(2150,20.187,1,'2015-05-01 19:35:06',1),(2151,83.9,5,'2015-05-01 19:35:13',1),(2152,0,6,'2015-05-01 19:35:13',1),(2153,0.864444,11,'2015-05-01 19:35:14',1),(2154,20.187,1,'2015-05-01 19:40:10',1),(2155,22.3,3,'2015-05-01 19:40:12',1),(2156,29.4,4,'2015-05-01 19:40:12',1),(2157,83.9,5,'2015-05-01 19:40:14',1),(2158,0,6,'2015-05-01 19:40:14',1),(2159,0.859444,11,'2015-05-01 19:40:14',1),(2160,20.187,1,'2015-05-01 19:45:12',1),(2161,22.3,3,'2015-05-01 19:45:13',1),(2162,29.6,4,'2015-05-01 19:45:13',1),(2163,84.2,5,'2015-05-01 19:45:15',1),(2164,0,6,'2015-05-01 19:45:15',1),(2165,0.865556,11,'2015-05-01 19:45:15',1),(2166,20.187,1,'2015-05-01 19:50:15',1),(2167,84.4,5,'2015-05-01 19:50:22',1),(2168,0,6,'2015-05-01 19:50:22',1),(2169,0.865,11,'2015-05-01 19:50:22',1),(2170,20.187,1,'2015-05-01 19:55:19',1),(2171,22.3,3,'2015-05-01 19:55:19',1),(2172,29.5,4,'2015-05-01 19:55:19',1),(2173,83.8,5,'2015-05-01 19:55:21',1),(2174,0,6,'2015-05-01 19:55:21',1),(2175,0.865,11,'2015-05-01 19:55:22',1),(2176,20.125,1,'2015-05-01 20:00:21',1),(2177,22.3,3,'2015-05-01 20:00:22',1),(2178,29.5,4,'2015-05-01 20:00:22',1),(2179,83.9,5,'2015-05-01 20:00:24',1),(2180,0,6,'2015-05-01 20:00:24',1),(2181,0.863889,11,'2015-05-01 20:00:25',1),(2182,20.125,1,'2015-05-01 20:05:24',1),(2183,22.3,3,'2015-05-01 20:05:25',1),(2184,29.5,4,'2015-05-01 20:05:26',1),(2185,84,5,'2015-05-01 20:05:27',1),(2186,0,6,'2015-05-01 20:05:27',1),(2187,0.866111,11,'2015-05-01 20:05:28',1),(2188,20.187,1,'2015-05-01 20:10:27',1),(2189,22.3,3,'2015-05-01 20:10:32',1),(2190,29.6,4,'2015-05-01 20:10:32',1),(2191,84.3,5,'2015-05-01 20:10:34',1),(2192,0,6,'2015-05-01 20:10:34',1),(2193,0.864444,11,'2015-05-01 20:10:34',1),(2194,20.187,1,'2015-05-01 20:15:30',1),(2195,22.3,3,'2015-05-01 20:15:35',1),(2196,29.6,4,'2015-05-01 20:15:35',1),(2197,84.2,5,'2015-05-01 20:15:37',1),(2198,0,6,'2015-05-01 20:15:37',1),(2199,0.864444,11,'2015-05-01 20:15:37',1),(2200,20.187,1,'2015-05-01 20:20:34',1),(2201,22.3,3,'2015-05-01 20:20:37',1),(2202,29.7,4,'2015-05-01 20:20:37',1),(2203,84.3,5,'2015-05-01 20:20:39',1),(2204,0,6,'2015-05-01 20:20:39',1),(2205,0.865,11,'2015-05-01 20:20:39',1),(2206,20.187,1,'2015-05-01 20:25:36',1),(2207,22.3,3,'2015-05-01 20:25:39',1),(2208,29.8,4,'2015-05-01 20:25:39',1),(2209,84.4,5,'2015-05-01 20:25:41',1),(2210,0,6,'2015-05-01 20:25:41',1),(2211,0.865556,11,'2015-05-01 20:25:41',1),(2212,20.187,1,'2015-05-01 20:30:39',1),(2213,22.3,3,'2015-05-01 20:30:40',1),(2214,29.8,4,'2015-05-01 20:30:40',1),(2215,84.3,5,'2015-05-01 20:30:42',1),(2216,0,6,'2015-05-01 20:30:42',1),(2217,0.870556,11,'2015-05-01 20:30:42',1),(2218,20.187,1,'2015-05-01 20:35:43',1),(2219,22.3,3,'2015-05-01 20:35:44',1),(2220,29.9,4,'2015-05-01 20:35:44',1),(2221,83.8,5,'2015-05-01 20:35:45',1),(2222,0,6,'2015-05-01 20:35:45',1),(2223,0.863889,11,'2015-05-01 20:35:46',1),(2224,20.187,1,'2015-05-01 20:40:45',1),(2225,22.3,3,'2015-05-01 20:40:46',1),(2226,30,4,'2015-05-01 20:40:46',1),(2227,84.1,5,'2015-05-01 20:40:48',1),(2228,0,6,'2015-05-01 20:40:48',1),(2229,0.871667,11,'2015-05-01 20:40:49',1),(2230,20.187,1,'2015-05-01 20:45:49',1),(2231,22.3,3,'2015-05-01 20:45:49',1),(2232,30.1,4,'2015-05-01 20:45:49',1),(2233,83.9,5,'2015-05-01 20:45:51',1),(2234,0,6,'2015-05-01 20:45:51',1),(2235,0.862778,11,'2015-05-01 20:45:52',1),(2236,20.187,1,'2015-05-01 20:50:51',1),(2237,22.3,3,'2015-05-01 20:50:51',1),(2238,30.2,4,'2015-05-01 20:50:52',1),(2239,83.9,5,'2015-05-01 20:50:53',1),(2240,0,6,'2015-05-01 20:50:53',1),(2241,0.865556,11,'2015-05-01 20:50:54',1),(2242,20.187,1,'2015-05-01 20:55:53',1),(2243,22.3,3,'2015-05-01 20:55:54',1),(2244,30.2,4,'2015-05-01 20:55:54',1),(2245,84.5,5,'2015-05-01 20:55:55',1),(2246,0,6,'2015-05-01 20:55:55',1),(2247,0.86,11,'2015-05-01 20:55:56',1),(2248,-0.062,1,'2015-05-01 21:00:55',1),(2249,22.3,3,'2015-05-01 21:00:56',1),(2250,30.1,4,'2015-05-01 21:00:56',1),(2251,84.4,5,'2015-05-01 21:00:57',1),(2252,0,6,'2015-05-01 21:00:57',1),(2253,0.865,11,'2015-05-01 21:00:58',1),(2254,20.187,1,'2015-05-01 21:05:59',1),(2255,22.3,3,'2015-05-01 21:06:02',1),(2256,29.7,4,'2015-05-01 21:06:02',1),(2257,84.4,5,'2015-05-01 21:06:04',1),(2258,0,6,'2015-05-01 21:06:04',1),(2259,0.868889,11,'2015-05-01 21:06:05',1),(2260,20.187,1,'2015-05-01 21:11:01',1),(2261,84.3,5,'2015-05-01 21:11:14',1),(2262,0,6,'2015-05-01 21:11:14',1),(2263,0.877778,11,'2015-05-01 21:11:15',1),(2264,20.187,1,'2015-05-01 21:16:06',1),(2265,22.3,3,'2015-05-01 21:16:12',1),(2266,30.2,4,'2015-05-01 21:16:12',1),(2267,84.8,5,'2015-05-01 21:16:14',1),(2268,0,6,'2015-05-01 21:16:14',1),(2269,0.874444,11,'2015-05-01 21:16:15',1),(2270,20.25,1,'2015-05-01 21:21:15',1),(2271,22.3,3,'2015-05-01 21:21:16',1),(2272,30.1,4,'2015-05-01 21:21:16',1),(2273,85.6,5,'2015-05-01 21:21:18',1),(2274,0,6,'2015-05-01 21:21:18',1),(2275,0.885,11,'2015-05-01 21:21:20',1),(2276,20.187,1,'2015-05-01 21:26:42',1),(2277,83.9,5,'2015-05-01 21:27:06',1),(2278,0,6,'2015-05-01 21:27:06',1),(2279,0.9,11,'2015-05-01 21:27:09',1),(2280,23.687,1,'2015-05-01 21:31:34',1),(2281,23.4,3,'2015-05-01 21:31:35',1),(2282,31,4,'2015-05-01 21:31:35',1),(2283,99.9,5,'2015-05-01 21:31:37',1),(2284,0,6,'2015-05-01 21:31:37',1),(2285,0.859444,11,'2015-05-01 21:31:37',1),(2286,26.4,3,'2015-05-01 21:31:34',1),(2287,27.3,4,'2015-05-01 21:31:34',1),(2288,0.247222,11,'2015-05-01 21:31:36',1),(2289,26,3,'2015-05-01 21:33:13',1),(2290,28.2,4,'2015-05-01 21:33:13',1),(2291,0.247222,11,'2015-05-01 21:33:15',1),(2292,25.5,3,'2015-05-01 21:45:41',1),(2293,28.3,4,'2015-05-01 21:45:42',1),(2294,0.258333,11,'2015-05-01 21:45:44',1),(2295,25.1,3,'2015-05-01 21:56:13',1),(2296,29.2,4,'2015-05-01 21:56:13',1),(2297,0.256111,11,'2015-05-01 21:56:15',1),(2298,25,3,'2015-05-01 22:05:57',1),(2299,29.7,4,'2015-05-01 22:05:57',1),(2300,0.255,11,'2015-05-01 22:05:59',1),(2301,25,3,'2015-05-01 22:11:21',1),(2302,29.8,4,'2015-05-01 22:11:21',1),(2303,0.257222,11,'2015-05-01 22:11:23',1),(2304,25,3,'2015-05-01 22:12:42',1),(2305,30,4,'2015-05-01 22:12:42',1),(2306,0.256667,11,'2015-05-01 22:12:44',1),(2307,24.9,3,'2015-05-01 22:22:49',1),(2308,29.7,4,'2015-05-01 22:22:49',1),(2309,0.257222,11,'2015-05-01 22:22:51',1),(2310,25,3,'2015-05-02 01:04:38',1),(2311,30.5,4,'2015-05-02 01:04:38',1),(2312,0.251111,11,'2015-05-02 01:04:40',1),(2313,24.5,3,'2015-05-02 01:55:26',1),(2314,32.9,4,'2015-05-02 01:55:26',1),(2315,0.231667,11,'2015-05-02 01:55:28',1),(2316,24.3,3,'2015-05-02 02:00:28',1),(2317,33.1,4,'2015-05-02 02:00:28',1),(2318,0.247222,11,'2015-05-02 02:00:30',1);
/*!40000 ALTER TABLE `t_Data` ENABLE KEYS */;
UNLOCK TABLES;

--
-- Table structure for table `t_PhysicalSensor`
--

DROP TABLE IF EXISTS `t_PhysicalSensor`;
/*!40101 SET @saved_cs_client     = @@character_set_client */;
/*!40101 SET character_set_client = utf8 */;
CREATE TABLE `t_PhysicalSensor` (
  `physical_id` int(11) NOT NULL AUTO_INCREMENT,
  `cloudia_unit_id` varchar(45) NOT NULL,
  `physical_name` varchar(45) NOT NULL,
  `physical_t_type` int(11) NOT NULL,
  `physical_address` varchar(45) DEFAULT NULL,
  PRIMARY KEY (`physical_id`),
  UNIQUE KEY `sensors_id_UNIQUE` (`physical_id`),
  UNIQUE KEY `cloudia_id_UNIQUE` (`cloudia_unit_id`),
  UNIQUE KEY `sensors_name_UNIQUE` (`physical_name`),
  KEY `fk_t_sensor_type_idx` (`physical_t_type`),
  CONSTRAINT `fk_t_sensor_type` FOREIGN KEY (`physical_t_type`) REFERENCES `t_Types` (`types_id`) ON DELETE NO ACTION ON UPDATE NO ACTION
) ENGINE=InnoDB AUTO_INCREMENT=8 DEFAULT CHARSET=latin1;
/*!40101 SET character_set_client = @saved_cs_client */;

--
-- Dumping data for table `t_PhysicalSensor`
--

LOCK TABLES `t_PhysicalSensor` WRITE;
/*!40000 ALTER TABLE `t_PhysicalSensor` DISABLE KEYS */;
INSERT INTO `t_PhysicalSensor` VALUES (1,'su0001','Water PH',2,'1:99'),(2,'su0002','Water Temperature',4,'28-000006700658'),(3,'su0003','Case Temp/Hum',5,'1:14'),(4,'su0004','Water DO',1,'1:97'),(5,'su0005','Water Conductivity',3,'1:100'),(6,'su0006','Battery Sensor',6,'P9_40'),(7,'su0007','GPS',7,'');
/*!40000 ALTER TABLE `t_PhysicalSensor` ENABLE KEYS */;
UNLOCK TABLES;

--
-- Table structure for table `t_Types`
--

DROP TABLE IF EXISTS `t_Types`;
/*!40101 SET @saved_cs_client     = @@character_set_client */;
/*!40101 SET character_set_client = utf8 */;
CREATE TABLE `t_Types` (
  `types_id` int(11) NOT NULL AUTO_INCREMENT,
  `types_name` varchar(45) NOT NULL,
  `types_driver` varchar(450) NOT NULL,
  PRIMARY KEY (`types_id`),
  UNIQUE KEY `types_id_UNIQUE` (`types_id`),
  UNIQUE KEY `types_name_UNIQUE` (`types_name`),
  UNIQUE KEY `types_driver_UNIQUE` (`types_driver`)
) ENGINE=InnoDB AUTO_INCREMENT=8 DEFAULT CHARSET=latin1;
/*!40101 SET character_set_client = @saved_cs_client */;

--
-- Dumping data for table `t_Types`
--

LOCK TABLES `t_Types` WRITE;
/*!40000 ALTER TABLE `t_Types` DISABLE KEYS */;
INSERT INTO `t_Types` VALUES (1,'Atlas I2C DO','/var/lib/cloud9/Aquarius/exec/driverAtlasI2CDO'),(2,'Atlas I2C PH','/var/lib/cloud9/Aquarius/exec/driverAtlasI2CPH'),(3,'Atlas I2C K','/var/lib/cloud9/Aquarius/exec/driverAtlasI2CK'),(4,'One Wire ','/var/lib/cloud9/Aquarius/exec/driverOneWireExec '),(5,'DHT22','/var/lib/cloud9/Aquarius/exec/driverDHT22Exec'),(6,'Battery Sensor','python /var/lib/cloud9/Aquarius/exec/adc.py'),(7,'SIM908GPS','python /var/lib/cloud9/Aquarius/exec/driverSIM908.py');
/*!40000 ALTER TABLE `t_Types` ENABLE KEYS */;
UNLOCK TABLES;

--
-- Table structure for table `t_VirtualSensor`
--

DROP TABLE IF EXISTS `t_VirtualSensor`;
/*!40101 SET @saved_cs_client     = @@character_set_client */;
/*!40101 SET character_set_client = utf8 */;
CREATE TABLE `t_VirtualSensor` (
  `virtual_id` int(11) NOT NULL AUTO_INCREMENT,
  `cloudia_id` varchar(45) NOT NULL,
  `virtual_measure_unit` varchar(45) NOT NULL,
  `virtual_t_physical` int(11) NOT NULL,
  `virtual_driver_pos` int(11) NOT NULL DEFAULT '5',
  `virtual_max` float DEFAULT NULL,
  `virtual_min` float DEFAULT NULL,
  `virtual_color` varchar(45) DEFAULT NULL,
  PRIMARY KEY (`virtual_id`),
  UNIQUE KEY `unit_id_UNIQUE` (`virtual_id`),
  KEY `fk_t_unit_sensors_idx` (`virtual_t_physical`),
  CONSTRAINT `fk_t_VirtualSensor_1` FOREIGN KEY (`virtual_t_physical`) REFERENCES `t_PhysicalSensor` (`physical_id`) ON DELETE NO ACTION ON UPDATE NO ACTION
) ENGINE=InnoDB AUTO_INCREMENT=15 DEFAULT CHARSET=latin1;
/*!40101 SET character_set_client = @saved_cs_client */;

--
-- Dumping data for table `t_VirtualSensor`
--

LOCK TABLES `t_VirtualSensor` WRITE;
/*!40000 ALTER TABLE `t_VirtualSensor` DISABLE KEYS */;
INSERT INTO `t_VirtualSensor` VALUES (1,'01','C',2,5,125,-55,'#FF9900'),(2,'02','pH',1,5,14,0,'#ED1C24'),(3,'03','C',3,5,80,-40,'#EB6841'),(4,'04','% ',3,7,100,0,'#E84A5F'),(5,'05','% ',4,5,100,0,'#F6CB04'),(6,'06','mg/L',4,7,35.99,0.01,'#F6CB04'),(7,'07','u/S',5,5,50000,0.5,'#28903B'),(8,'08','mg/L',5,7,100,0,'#28903B'),(9,'09','Salinity',5,9,100,0,'#28903B'),(10,'10','SG',5,11,100,0,'#28903B'),(11,'11','Volts',6,5,14,5,'#3299BB'),(12,'12','Longitude',7,7,180,-180,'#78C4D2'),(13,'13','Latitude',7,9,90,-90,'#78C4D2'),(14,'14','Altitude (m)',7,11,8848,0,'#7f4197');
/*!40000 ALTER TABLE `t_VirtualSensor` ENABLE KEYS */;
UNLOCK TABLES;
/*!40103 SET TIME_ZONE=@OLD_TIME_ZONE */;

/*!40101 SET SQL_MODE=@OLD_SQL_MODE */;
/*!40014 SET FOREIGN_KEY_CHECKS=@OLD_FOREIGN_KEY_CHECKS */;
/*!40014 SET UNIQUE_CHECKS=@OLD_UNIQUE_CHECKS */;
/*!40101 SET CHARACTER_SET_CLIENT=@OLD_CHARACTER_SET_CLIENT */;
/*!40101 SET CHARACTER_SET_RESULTS=@OLD_CHARACTER_SET_RESULTS */;
/*!40101 SET COLLATION_CONNECTION=@OLD_COLLATION_CONNECTION */;
/*!40111 SET SQL_NOTES=@OLD_SQL_NOTES */;

-- Dump completed on 2015-05-06  9:15:49
