CREATE DATABASE  IF NOT EXISTS `station_aquarius` /*!40100 DEFAULT CHARACTER SET latin1 */;
USE `station_aquarius`;
-- MySQL dump 10.13  Distrib 5.6.19, for debian-linux-gnu (x86_64)
--
-- Host: localhost    Database: station_aquarius
-- ------------------------------------------------------
-- Server version	5.6.19-1~exp1ubuntu2

/*!40101 SET @OLD_CHARACTER_SET_CLIENT=@@CHARACTER_SET_CLIENT */;
/*!40101 SET @OLD_CHARACTER_SET_RESULTS=@@CHARACTER_SET_RESULTS */;
/*!40101 SET @OLD_COLLATION_CONNECTION=@@COLLATION_CONNECTION */;
/*!40101 SET NAMES utf8 */;
/*!40103 SET @OLD_TIME_ZONE=@@TIME_ZONE */;
/*!40103 SET TIME_ZONE='+00:00' */;
/*!40014 SET @OLD_UNIQUE_CHECKS=@@UNIQUE_CHECKS, UNIQUE_CHECKS=0 */;
/*!40014 SET @OLD_FOREIGN_KEY_CHECKS=@@FOREIGN_KEY_CHECKS, FOREIGN_KEY_CHECKS=0 */;
/*!40101 SET @OLD_SQL_MODE=@@SQL_MODE, SQL_MODE='NO_AUTO_VALUE_ON_ZERO' */;
/*!40111 SET @OLD_SQL_NOTES=@@SQL_NOTES, SQL_NOTES=0 */;

--
-- Table structure for table `t_Config`
--

DROP TABLE IF EXISTS `t_Config`;
/*!40101 SET @saved_cs_client     = @@character_set_client */;
/*!40101 SET character_set_client = utf8 */;
CREATE TABLE `t_Config` (
  `config_id` int(11) NOT NULL AUTO_INCREMENT,
  `config_key_name` varchar(45) NOT NULL,
  `config_key_value` varchar(45) NOT NULL,
  `config_key_description` varchar(45) NOT NULL,
  PRIMARY KEY (`config_id`),
  UNIQUE KEY `config_key_name_UNIQUE` (`config_key_name`)
) ENGINE=InnoDB AUTO_INCREMENT=6 DEFAULT CHARSET=latin1;
/*!40101 SET character_set_client = @saved_cs_client */;

--
-- Dumping data for table `t_Config`
--

LOCK TABLES `t_Config` WRITE;
/*!40000 ALTER TABLE `t_Config` DISABLE KEYS */;
INSERT INTO `t_Config` VALUES (1,'READ_INTERVAL','5','Minutes between each read operation'),(2,'SEND_ADDRESS','www.cloudiaproject.org/c/data.json','ClouDIA data send address'),(3,'LAST_KNOWN_DATE','Wed Mar 25 10:42:11 UTC 2015\n','Last known operating date'),(4,'STATION_ID','sta001','ClouDIA station ID'),(5,'NUMBER_RETRIES','5','Number of read attempts on sensors');
/*!40000 ALTER TABLE `t_Config` ENABLE KEYS */;
UNLOCK TABLES;

--
-- Table structure for table `t_Data`
--

DROP TABLE IF EXISTS `t_Data`;
/*!40101 SET @saved_cs_client     = @@character_set_client */;
/*!40101 SET character_set_client = utf8 */;
CREATE TABLE `t_Data` (
  `idt_Data` int(11) NOT NULL AUTO_INCREMENT,
  `data_value` float NOT NULL,
  `data_t_unit` int(11) NOT NULL,
  `data_date` datetime NOT NULL,
  `data_is_sent` int(11) NOT NULL DEFAULT '0',
  PRIMARY KEY (`idt_Data`),
  UNIQUE KEY `idt_Data_UNIQUE` (`idt_Data`),
  KEY `fk_t_data_unit_idx` (`data_t_unit`),
  CONSTRAINT `fk_t_data_unit` FOREIGN KEY (`data_t_unit`) REFERENCES `t_VirtualSensor` (`virtual_id`) ON DELETE NO ACTION ON UPDATE NO ACTION
) ENGINE=InnoDB AUTO_INCREMENT=749 DEFAULT CHARSET=latin1;
/*!40101 SET character_set_client = @saved_cs_client */;

--
-- Dumping data for table `t_Data`
--

LOCK TABLES `t_Data` WRITE;
/*!40000 ALTER TABLE `t_Data` DISABLE KEYS */;
INSERT INTO `t_Data` VALUES (21,4.279,2,'2015-03-23 15:21:51',0),(22,23.562,1,'2015-03-23 15:21:52',0),(23,24.1,3,'2015-03-23 15:21:53',0),(24,18.7,4,'2015-03-23 15:21:53',0),(25,9.12,5,'2015-03-23 15:21:54',0),(26,100.4,6,'2015-03-23 15:21:54',0),(27,0,7,'2015-03-23 15:21:56',0),(28,0,8,'2015-03-23 15:21:56',0),(29,0,9,'2015-03-23 15:21:56',0),(30,1,10,'2015-03-23 15:21:56',0),(31,4.344,2,'2015-03-23 15:26:39',0),(32,23.562,1,'2015-03-23 15:26:39',0),(33,24.1,3,'2015-03-23 15:26:40',0),(34,18.3,4,'2015-03-23 15:26:40',0),(35,8.93,5,'2015-03-23 15:26:41',0),(36,98.2,6,'2015-03-23 15:26:41',0),(37,0,7,'2015-03-23 15:26:42',0),(38,0,8,'2015-03-23 15:26:42',0),(39,0,9,'2015-03-23 15:26:42',0),(40,1,10,'2015-03-23 15:26:42',0),(41,4.312,2,'2015-03-23 15:32:54',0),(42,23.75,1,'2015-03-23 15:32:55',0),(43,8.96,5,'2015-03-23 15:32:57',0),(44,98.6,6,'2015-03-23 15:32:57',0),(45,0,7,'2015-03-23 15:32:58',0),(46,0,8,'2015-03-23 15:32:58',0),(47,0,9,'2015-03-23 15:32:58',0),(48,1,10,'2015-03-23 15:32:58',0),(49,4.272,2,'2015-03-23 23:33:14',0),(50,25.75,1,'2015-03-23 23:33:15',0),(51,23.9,3,'2015-03-23 23:33:16',0),(52,19.1,4,'2015-03-23 23:33:16',0),(53,9.29,5,'2015-03-23 23:33:17',0),(54,102.2,6,'2015-03-23 23:33:17',0),(55,0,7,'2015-03-23 23:33:18',0),(56,0,8,'2015-03-23 23:33:18',0),(57,0,9,'2015-03-23 23:33:18',0),(58,1,10,'2015-03-23 23:33:18',0),(59,4.292,2,'2015-03-23 23:39:45',0),(60,25.625,1,'2015-03-23 23:39:46',0),(61,23.8,3,'2015-03-23 23:39:47',0),(62,20.8,4,'2015-03-23 23:39:47',0),(63,9.04,5,'2015-03-23 23:39:48',0),(64,99.4,6,'2015-03-23 23:39:48',0),(65,0,7,'2015-03-23 23:39:49',0),(66,0,8,'2015-03-23 23:39:49',0),(67,0,9,'2015-03-23 23:39:49',0),(68,1,10,'2015-03-23 23:39:49',0),(69,4.296,2,'2015-03-23 23:45:51',0),(70,25.375,1,'2015-03-23 23:45:52',0),(71,9.02,5,'2015-03-23 23:45:54',0),(72,99.2,6,'2015-03-23 23:45:54',0),(73,0,7,'2015-03-23 23:45:55',0),(74,0,8,'2015-03-23 23:45:55',0),(75,0,9,'2015-03-23 23:45:55',0),(76,1,10,'2015-03-23 23:45:55',0),(77,4.269,2,'2015-03-24 07:46:12',0),(78,25.937,1,'2015-03-24 07:46:13',0),(79,9.05,5,'2015-03-24 07:46:15',0),(80,99.6,6,'2015-03-24 07:46:15',0),(81,0,7,'2015-03-24 07:46:16',0),(82,0,8,'2015-03-24 07:46:16',0),(83,0,9,'2015-03-24 07:46:16',0),(84,1,10,'2015-03-24 07:46:16',0),(85,4.304,2,'2015-03-24 11:45:16',0),(86,23.312,1,'2015-03-24 11:45:17',0),(87,24,3,'2015-03-24 11:45:17',0),(88,17.7,4,'2015-03-24 11:45:17',0),(89,9.05,5,'2015-03-24 11:45:18',0),(90,99.5,6,'2015-03-24 11:45:18',0),(91,0,7,'2015-03-24 11:45:19',0),(92,0,8,'2015-03-24 11:45:19',0),(93,0,9,'2015-03-24 11:45:19',0),(94,1,10,'2015-03-24 11:45:19',0),(95,4.295,2,'2015-03-24 11:51:46',0),(96,23.25,1,'2015-03-24 11:51:47',0),(97,24,3,'2015-03-24 11:51:48',0),(98,17.5,4,'2015-03-24 11:51:48',0),(99,9.15,5,'2015-03-24 11:51:49',0),(100,100.6,6,'2015-03-24 11:51:49',0),(101,0,7,'2015-03-24 11:51:50',0),(102,0,8,'2015-03-24 11:51:50',0),(103,0,9,'2015-03-24 11:51:50',0),(104,1,10,'2015-03-24 11:51:51',0),(105,4.3,2,'2015-03-24 11:57:49',0),(106,23.375,1,'2015-03-24 11:57:50',0),(107,24,3,'2015-03-24 11:57:51',0),(108,18.5,4,'2015-03-24 11:57:51',0),(109,9.19,5,'2015-03-24 11:57:52',0),(110,101.1,6,'2015-03-24 11:57:52',0),(111,0,7,'2015-03-24 11:57:53',0),(112,0,8,'2015-03-24 11:57:54',0),(113,0,9,'2015-03-24 11:57:54',0),(114,1,10,'2015-03-24 11:57:54',0),(115,4.296,2,'2015-03-24 12:03:56',0),(116,23.437,1,'2015-03-24 12:03:56',0),(117,24.1,3,'2015-03-24 12:03:57',0),(118,18.2,4,'2015-03-24 12:03:57',0),(119,9.15,5,'2015-03-24 12:03:58',0),(120,100.7,6,'2015-03-24 12:03:58',0),(121,0,7,'2015-03-24 12:03:59',0),(122,0,8,'2015-03-24 12:03:59',0),(123,0,9,'2015-03-24 12:03:59',0),(124,1,10,'2015-03-24 12:03:59',0),(125,4.298,2,'2015-03-24 12:10:47',0),(126,23.5,1,'2015-03-24 12:10:47',0),(127,24,3,'2015-03-24 12:10:48',0),(128,18.6,4,'2015-03-24 12:10:48',0),(129,9.11,5,'2015-03-24 12:10:49',0),(130,100.2,6,'2015-03-24 12:10:49',0),(131,0,7,'2015-03-24 12:10:50',0),(132,0,8,'2015-03-24 12:10:50',0),(133,0,9,'2015-03-24 12:10:50',0),(134,1,10,'2015-03-24 12:10:50',0),(135,4.295,2,'2015-03-24 12:16:52',0),(136,23.25,1,'2015-03-24 12:16:53',0),(137,24,3,'2015-03-24 12:16:54',0),(138,18.2,4,'2015-03-24 12:16:54',0),(139,9.02,5,'2015-03-24 12:16:55',0),(140,99.2,6,'2015-03-24 12:16:55',0),(141,0,7,'2015-03-24 12:16:56',0),(142,0,8,'2015-03-24 12:16:56',0),(143,0,9,'2015-03-24 12:16:56',0),(144,1,10,'2015-03-24 12:16:56',0),(145,4.297,2,'2015-03-24 12:22:46',0),(146,23.062,1,'2015-03-24 12:22:47',0),(147,23.9,3,'2015-03-24 12:22:48',0),(148,18.2,4,'2015-03-24 12:22:48',0),(149,8.98,5,'2015-03-24 12:22:49',0),(150,98.8,6,'2015-03-24 12:22:49',0),(151,0,7,'2015-03-24 12:22:50',0),(152,0,8,'2015-03-24 12:22:50',0),(153,0,9,'2015-03-24 12:22:50',0),(154,1,10,'2015-03-24 12:22:50',0),(155,4.299,2,'2015-03-24 12:28:54',0),(156,23.437,1,'2015-03-24 12:28:55',0),(157,23.9,3,'2015-03-24 12:28:56',0),(158,19.8,4,'2015-03-24 12:28:56',0),(159,8.98,5,'2015-03-24 12:28:57',0),(160,98.7,6,'2015-03-24 12:28:57',0),(161,0,7,'2015-03-24 12:28:58',0),(162,0,8,'2015-03-24 12:28:58',0),(163,0,9,'2015-03-24 12:28:58',0),(164,1,10,'2015-03-24 12:28:58',0),(165,4.297,2,'2015-03-24 12:34:54',0),(166,23.437,1,'2015-03-24 12:34:55',0),(167,8.97,5,'2015-03-24 12:34:57',0),(168,98.6,6,'2015-03-24 12:34:57',0),(169,0,7,'2015-03-24 12:34:58',0),(170,0,8,'2015-03-24 12:34:58',0),(171,0,9,'2015-03-24 12:34:58',0),(172,1,10,'2015-03-24 12:34:58',0),(173,4.277,2,'2015-03-24 12:43:51',0),(174,23.375,1,'2015-03-24 12:43:52',0),(175,9.02,5,'2015-03-24 12:43:54',0),(176,99.2,6,'2015-03-24 12:43:54',0),(177,0,7,'2015-03-24 12:43:56',0),(178,0,8,'2015-03-24 12:43:56',0),(179,0,9,'2015-03-24 12:43:56',0),(180,1,10,'2015-03-24 12:43:56',0),(181,4.274,2,'2015-03-24 12:47:16',0),(182,23.375,1,'2015-03-24 12:47:17',0),(183,24,3,'2015-03-24 12:47:18',0),(184,19.3,4,'2015-03-24 12:47:18',0),(185,9,5,'2015-03-24 12:47:19',0),(186,98.9,6,'2015-03-24 12:47:19',0),(187,0,7,'2015-03-24 12:47:21',0),(188,0,8,'2015-03-24 12:47:21',0),(189,0,9,'2015-03-24 12:47:21',0),(190,1,10,'2015-03-24 12:47:21',0),(191,4.287,2,'2015-03-24 12:53:55',0),(192,23.437,1,'2015-03-24 12:53:55',0),(193,24.2,3,'2015-03-24 12:53:56',0),(194,18.8,4,'2015-03-24 12:53:56',0),(195,8.91,5,'2015-03-24 12:53:57',0),(196,98,6,'2015-03-24 12:53:57',0),(197,0,7,'2015-03-24 12:53:58',0),(198,0,8,'2015-03-24 12:53:58',0),(199,0,9,'2015-03-24 12:53:58',0),(200,1,10,'2015-03-24 12:53:58',0),(201,4.293,2,'2015-03-24 12:59:55',0),(202,23.312,1,'2015-03-24 12:59:56',0),(203,9,5,'2015-03-24 12:59:58',0),(204,98.9,6,'2015-03-24 12:59:58',0),(205,0,7,'2015-03-24 12:59:59',0),(206,0,8,'2015-03-24 12:59:59',0),(207,0,9,'2015-03-24 12:59:59',0),(208,1,10,'2015-03-24 12:59:59',0),(209,4.291,2,'2015-03-24 13:06:56',0),(210,23.125,1,'2015-03-24 13:06:57',0),(211,9.09,5,'2015-03-24 13:06:59',0),(212,100,6,'2015-03-24 13:06:59',0),(213,0,7,'2015-03-24 13:07:00',0),(214,0,8,'2015-03-24 13:07:00',0),(215,0,9,'2015-03-24 13:07:00',0),(216,1,10,'2015-03-24 13:07:00',0),(217,4.299,2,'2015-03-24 13:13:46',0),(218,23.062,1,'2015-03-24 13:13:47',0),(219,9.19,5,'2015-03-24 13:13:49',0),(220,101.1,6,'2015-03-24 13:13:49',0),(221,0,7,'2015-03-24 13:13:50',0),(222,0,8,'2015-03-24 13:13:50',0),(223,0,9,'2015-03-24 13:13:50',0),(224,1,10,'2015-03-24 13:13:50',0),(225,4.299,2,'2015-03-24 13:19:46',0),(226,23.25,1,'2015-03-24 13:19:47',0),(227,9.18,5,'2015-03-24 13:19:49',0),(228,101,6,'2015-03-24 13:19:49',0),(229,0,7,'2015-03-24 13:19:50',0),(230,0,8,'2015-03-24 13:19:50',0),(231,0,9,'2015-03-24 13:19:50',0),(232,1,10,'2015-03-24 13:19:50',0),(233,4.3,2,'2015-03-24 13:25:45',0),(234,23.125,1,'2015-03-24 13:25:46',0),(235,24.1,3,'2015-03-24 13:25:47',0),(236,18.5,4,'2015-03-24 13:25:47',0),(237,9.18,5,'2015-03-24 13:25:48',0),(238,101,6,'2015-03-24 13:25:48',0),(239,0,7,'2015-03-24 13:25:49',0),(240,0,8,'2015-03-24 13:25:49',0),(241,0,9,'2015-03-24 13:25:49',0),(242,1,10,'2015-03-24 13:25:49',0),(243,4.303,2,'2015-03-24 13:31:51',0),(244,23.187,1,'2015-03-24 13:31:52',0),(245,9.18,5,'2015-03-24 13:31:54',0),(246,101,6,'2015-03-24 13:31:54',0),(247,0,7,'2015-03-24 13:31:55',0),(248,0,8,'2015-03-24 13:31:55',0),(249,0,9,'2015-03-24 13:31:55',0),(250,1,10,'2015-03-24 13:31:55',0),(251,4.302,2,'2015-03-24 13:37:45',0),(252,23.25,1,'2015-03-24 13:37:46',0),(253,23.9,3,'2015-03-24 13:37:47',0),(254,19.1,4,'2015-03-24 13:37:47',0),(255,9.22,5,'2015-03-24 13:37:48',0),(256,101.4,6,'2015-03-24 13:37:48',0),(257,0,7,'2015-03-24 13:37:49',0),(258,0,8,'2015-03-24 13:37:49',0),(259,0,9,'2015-03-24 13:37:49',0),(260,1,10,'2015-03-24 13:37:49',0),(261,4.301,2,'2015-03-24 13:43:51',0),(262,23.375,1,'2015-03-24 13:43:52',0),(263,9.24,5,'2015-03-24 13:43:54',0),(264,101.7,6,'2015-03-24 13:43:54',0),(265,0,7,'2015-03-24 13:43:55',0),(266,0,8,'2015-03-24 13:43:55',0),(267,0,9,'2015-03-24 13:43:55',0),(268,1,10,'2015-03-24 13:43:55',0),(269,4.3,2,'2015-03-24 13:49:54',0),(270,23.5,1,'2015-03-24 13:49:55',0),(271,9.2,5,'2015-03-24 13:49:57',0),(272,101.2,6,'2015-03-24 13:49:57',0),(273,0,7,'2015-03-24 13:49:58',0),(274,0,8,'2015-03-24 13:49:58',0),(275,0,9,'2015-03-24 13:49:58',0),(276,1,10,'2015-03-24 13:49:58',0),(277,4.301,2,'2015-03-24 13:55:49',0),(278,23.5,1,'2015-03-24 13:55:50',0),(279,9.22,5,'2015-03-24 13:55:52',0),(280,101.4,6,'2015-03-24 13:55:52',0),(281,0,7,'2015-03-24 13:55:53',0),(282,0,8,'2015-03-24 13:55:53',0),(283,0,9,'2015-03-24 13:55:53',0),(284,1,10,'2015-03-24 13:55:53',0),(285,4.299,2,'2015-03-24 14:01:51',0),(286,23.437,1,'2015-03-24 14:01:52',0),(287,23.7,3,'2015-03-24 14:01:53',0),(288,19.4,4,'2015-03-24 14:01:53',0),(289,9.23,5,'2015-03-24 14:01:54',0),(290,101.5,6,'2015-03-24 14:01:54',0),(291,0,7,'2015-03-24 14:01:55',0),(292,0,8,'2015-03-24 14:01:55',0),(293,0,9,'2015-03-24 14:01:55',0),(294,1,10,'2015-03-24 14:01:55',0),(295,4.298,2,'2015-03-24 14:07:51',0),(296,23.437,1,'2015-03-24 14:07:52',0),(297,23.7,3,'2015-03-24 14:07:53',0),(298,19.5,4,'2015-03-24 14:07:53',0),(299,9.09,5,'2015-03-24 14:07:54',0),(300,100,6,'2015-03-24 14:07:54',0),(301,0,7,'2015-03-24 14:07:55',0),(302,0,8,'2015-03-24 14:07:55',0),(303,0,9,'2015-03-24 14:07:55',0),(304,1,10,'2015-03-24 14:07:55',0),(305,4.301,2,'2015-03-24 14:13:50',0),(306,23.5,1,'2015-03-24 14:13:51',0),(307,23.7,3,'2015-03-24 14:13:52',0),(308,19.5,4,'2015-03-24 14:13:52',0),(309,9.25,5,'2015-03-24 14:13:53',0),(310,101.8,6,'2015-03-24 14:13:53',0),(311,0,7,'2015-03-24 14:13:54',0),(312,0,8,'2015-03-24 14:13:54',0),(313,0,9,'2015-03-24 14:13:54',0),(314,1,10,'2015-03-24 14:13:54',0),(315,4.298,2,'2015-03-24 14:19:50',0),(316,23.562,1,'2015-03-24 14:19:51',0),(317,9.24,5,'2015-03-24 14:19:53',0),(318,101.7,6,'2015-03-24 14:19:53',0),(319,0,7,'2015-03-24 14:19:54',0),(320,0,8,'2015-03-24 14:19:54',0),(321,0,9,'2015-03-24 14:19:54',0),(322,1,10,'2015-03-24 14:19:54',0),(323,4.295,2,'2015-03-24 14:25:47',0),(324,23.562,1,'2015-03-24 14:25:48',0),(325,23.7,3,'2015-03-24 14:25:49',0),(326,19.6,4,'2015-03-24 14:25:49',0),(327,9.18,5,'2015-03-24 14:25:50',0),(328,101,6,'2015-03-24 14:25:50',0),(329,0,7,'2015-03-24 14:25:51',0),(330,0,8,'2015-03-24 14:25:51',0),(331,0,9,'2015-03-24 14:25:51',0),(332,1,10,'2015-03-24 14:25:51',0),(333,4.297,2,'2015-03-24 14:31:45',0),(334,23.437,1,'2015-03-24 14:31:46',0),(335,9.21,5,'2015-03-24 14:31:48',0),(336,101.3,6,'2015-03-24 14:31:48',0),(337,0,7,'2015-03-24 14:31:49',0),(338,0,8,'2015-03-24 14:31:49',0),(339,0,9,'2015-03-24 14:31:49',0),(340,1,10,'2015-03-24 14:31:49',0),(341,4.297,2,'2015-03-24 14:37:49',0),(342,23.437,1,'2015-03-24 14:37:50',0),(343,9.21,5,'2015-03-24 14:37:52',0),(344,101.3,6,'2015-03-24 14:37:52',0),(345,0,7,'2015-03-24 14:37:53',0),(346,0,8,'2015-03-24 14:37:53',0),(347,0,9,'2015-03-24 14:37:53',0),(348,1,10,'2015-03-24 14:37:53',0),(349,4.298,2,'2015-03-24 14:43:46',0),(350,23.375,1,'2015-03-24 14:43:47',0),(351,23.6,3,'2015-03-24 14:43:48',0),(352,19.7,4,'2015-03-24 14:43:48',0),(353,9.24,5,'2015-03-24 14:43:49',0),(354,101.6,6,'2015-03-24 14:43:49',0),(355,0,7,'2015-03-24 14:43:50',0),(356,0,8,'2015-03-24 14:43:50',0),(357,0,9,'2015-03-24 14:43:50',0),(358,1,10,'2015-03-24 14:43:50',0),(359,4.296,2,'2015-03-24 14:49:55',0),(360,23.375,1,'2015-03-24 14:49:56',0),(361,23.6,3,'2015-03-24 14:49:57',0),(362,19.8,4,'2015-03-24 14:49:57',0),(363,9.24,5,'2015-03-24 14:49:58',0),(364,101.7,6,'2015-03-24 14:49:58',0),(365,0,7,'2015-03-24 14:49:59',0),(366,0,8,'2015-03-24 14:49:59',0),(367,0,9,'2015-03-24 14:49:59',0),(368,1,10,'2015-03-24 14:49:59',0),(369,4.299,2,'2015-03-24 14:56:49',0),(370,23.312,1,'2015-03-24 14:56:50',0),(371,23.6,3,'2015-03-24 14:56:51',0),(372,19.8,4,'2015-03-24 14:56:51',0),(373,9.28,5,'2015-03-24 14:56:52',0),(374,102,6,'2015-03-24 14:56:52',0),(375,0,7,'2015-03-24 14:56:53',0),(376,0,8,'2015-03-24 14:56:53',0),(377,0,9,'2015-03-24 14:56:53',0),(378,1,10,'2015-03-24 14:56:54',0),(379,4.299,2,'2015-03-24 15:02:49',0),(380,23.375,1,'2015-03-24 15:02:50',0),(381,23.6,3,'2015-03-24 15:02:51',0),(382,19.9,4,'2015-03-24 15:02:51',0),(383,9.21,5,'2015-03-24 15:02:52',0),(384,101.3,6,'2015-03-24 15:02:52',0),(385,0,7,'2015-03-24 15:02:53',0),(386,0,8,'2015-03-24 15:02:53',0),(387,0,9,'2015-03-24 15:02:53',0),(388,1,10,'2015-03-24 15:02:53',0),(389,4.301,2,'2015-03-24 15:08:45',0),(390,23.437,1,'2015-03-24 15:08:46',0),(391,23.6,3,'2015-03-24 15:08:47',0),(392,19.9,4,'2015-03-24 15:08:47',0),(393,9.29,5,'2015-03-24 15:08:48',0),(394,102.1,6,'2015-03-24 15:08:48',0),(395,0,7,'2015-03-24 15:08:49',0),(396,0,8,'2015-03-24 15:08:49',0),(397,0,9,'2015-03-24 15:08:49',0),(398,1,10,'2015-03-24 15:08:49',0),(399,4.3,2,'2015-03-24 15:14:47',0),(400,23.437,1,'2015-03-24 15:14:48',0),(401,9.26,5,'2015-03-24 15:14:50',0),(402,101.9,6,'2015-03-24 15:14:50',0),(403,0,7,'2015-03-24 15:14:51',0),(404,0,8,'2015-03-24 15:14:51',0),(405,0,9,'2015-03-24 15:14:51',0),(406,1,10,'2015-03-24 15:14:51',0),(407,4.301,2,'2015-03-24 15:20:51',0),(408,23.5,1,'2015-03-24 15:20:52',0),(409,9.39,5,'2015-03-24 15:20:54',0),(410,103.3,6,'2015-03-24 15:20:54',0),(411,0,7,'2015-03-24 15:20:55',0),(412,0,8,'2015-03-24 15:20:55',0),(413,0,9,'2015-03-24 15:20:55',0),(414,1,10,'2015-03-24 15:20:55',0),(415,4.298,2,'2015-03-24 15:26:49',0),(416,23.5,1,'2015-03-24 15:26:50',0),(417,9.27,5,'2015-03-24 15:26:52',0),(418,102,6,'2015-03-24 15:26:52',0),(419,0,7,'2015-03-24 15:26:53',0),(420,0,8,'2015-03-24 15:26:53',0),(421,0,9,'2015-03-24 15:26:53',0),(422,1,10,'2015-03-24 15:26:53',0),(423,4.298,2,'2015-03-24 15:32:50',0),(424,23.5,1,'2015-03-24 15:32:51',0),(425,9.25,5,'2015-03-24 15:32:53',0),(426,101.7,6,'2015-03-24 15:32:53',0),(427,0,7,'2015-03-24 15:32:54',0),(428,0,8,'2015-03-24 15:32:54',0),(429,0,9,'2015-03-24 15:32:54',0),(430,1,10,'2015-03-24 15:32:54',0),(431,4.301,2,'2015-03-24 15:38:47',0),(432,23.437,1,'2015-03-24 15:38:48',0),(433,9.08,5,'2015-03-24 15:38:50',0),(434,99.9,6,'2015-03-24 15:38:50',0),(435,0,7,'2015-03-24 15:38:51',0),(436,0,8,'2015-03-24 15:38:51',0),(437,0,9,'2015-03-24 15:38:51',0),(438,1,10,'2015-03-24 15:38:51',0),(439,4.303,2,'2015-03-24 15:44:46',0),(440,23.5,1,'2015-03-24 15:44:47',0),(441,9.22,5,'2015-03-24 15:44:49',0),(442,101.4,6,'2015-03-24 15:44:49',0),(443,0,7,'2015-03-24 15:44:50',0),(444,0,8,'2015-03-24 15:44:50',0),(445,0,9,'2015-03-24 15:44:50',0),(446,1,10,'2015-03-24 15:44:50',0),(447,4.299,2,'2015-03-24 15:50:45',0),(448,23.5,1,'2015-03-24 15:50:46',0),(449,9.23,5,'2015-03-24 15:50:48',0),(450,101.5,6,'2015-03-24 15:50:48',0),(451,0,7,'2015-03-24 15:50:49',0),(452,0,8,'2015-03-24 15:50:49',0),(453,0,9,'2015-03-24 15:50:49',0),(454,1,10,'2015-03-24 15:50:49',0),(455,4.298,2,'2015-03-24 15:56:52',0),(456,23.5,1,'2015-03-24 15:56:53',0),(457,9.22,5,'2015-03-24 15:56:55',0),(458,101.4,6,'2015-03-24 15:56:55',0),(459,0,7,'2015-03-24 15:56:56',0),(460,0,8,'2015-03-24 15:56:56',0),(461,0,9,'2015-03-24 15:56:56',0),(462,1,10,'2015-03-24 15:56:56',0),(463,4.301,2,'2015-03-24 16:02:45',0),(464,23.5,1,'2015-03-24 16:02:46',0),(465,9.22,5,'2015-03-24 16:02:48',0),(466,101.4,6,'2015-03-24 16:02:48',0),(467,0,7,'2015-03-24 16:02:49',0),(468,0,8,'2015-03-24 16:02:49',0),(469,0,9,'2015-03-24 16:02:49',0),(470,1,10,'2015-03-24 16:02:49',0),(471,4.302,2,'2015-03-24 16:08:45',0),(472,23.5,1,'2015-03-24 16:08:46',0),(473,9.18,5,'2015-03-24 16:08:48',0),(474,100.9,6,'2015-03-24 16:08:48',0),(475,0,7,'2015-03-24 16:08:49',0),(476,0,8,'2015-03-24 16:08:49',0),(477,0,9,'2015-03-24 16:08:49',0),(478,1,10,'2015-03-24 16:08:49',0),(479,4.299,2,'2015-03-24 16:14:50',0),(480,23.5,1,'2015-03-24 16:14:51',0),(481,9.23,5,'2015-03-24 16:14:53',0),(482,101.5,6,'2015-03-24 16:14:53',0),(483,0,7,'2015-03-24 16:14:54',0),(484,0,8,'2015-03-24 16:14:54',0),(485,0,9,'2015-03-24 16:14:54',0),(486,1,10,'2015-03-24 16:14:54',0),(487,4.297,2,'2015-03-24 16:20:51',0),(488,23.5,1,'2015-03-24 16:20:52',0),(489,9.26,5,'2015-03-24 16:20:54',0),(490,101.8,6,'2015-03-24 16:20:54',0),(491,0,7,'2015-03-24 16:20:55',0),(492,0,8,'2015-03-24 16:20:55',0),(493,0,9,'2015-03-24 16:20:55',0),(494,1,10,'2015-03-24 16:20:55',0),(495,4.302,2,'2015-03-24 16:26:46',0),(496,23.5,1,'2015-03-24 16:26:47',0),(497,9.24,5,'2015-03-24 16:26:49',0),(498,101.6,6,'2015-03-24 16:26:49',0),(499,0,7,'2015-03-24 16:26:50',0),(500,0,8,'2015-03-24 16:26:50',0),(501,0,9,'2015-03-24 16:26:50',0),(502,1,10,'2015-03-24 16:26:50',0),(503,4.301,2,'2015-03-24 16:32:51',0),(504,23.5,1,'2015-03-24 16:32:52',0),(505,9.24,5,'2015-03-24 16:32:54',0),(506,101.6,6,'2015-03-24 16:32:54',0),(507,0,7,'2015-03-24 16:32:55',0),(508,0,8,'2015-03-24 16:32:55',0),(509,0,9,'2015-03-24 16:32:55',0),(510,1,10,'2015-03-24 16:32:55',0),(511,4.303,2,'2015-03-24 16:38:48',0),(512,23.437,1,'2015-03-24 16:38:49',0),(513,9.2,5,'2015-03-24 16:38:51',0),(514,101.1,6,'2015-03-24 16:38:51',0),(515,0,7,'2015-03-24 16:38:52',0),(516,0,8,'2015-03-24 16:38:52',0),(517,0,9,'2015-03-24 16:38:52',0),(518,1,10,'2015-03-24 16:38:52',0),(519,4.298,2,'2015-03-24 16:44:51',0),(520,23.437,1,'2015-03-24 16:44:52',0),(521,9.22,5,'2015-03-24 16:44:54',0),(522,101.4,6,'2015-03-24 16:44:54',0),(523,0,7,'2015-03-24 16:44:55',0),(524,0,8,'2015-03-24 16:44:55',0),(525,0,9,'2015-03-24 16:44:55',0),(526,1,10,'2015-03-24 16:44:55',0),(527,4.298,2,'2015-03-24 16:50:54',0),(528,23.437,1,'2015-03-24 16:50:55',0),(529,23.4,3,'2015-03-24 16:50:56',0),(530,20.5,4,'2015-03-24 16:50:56',0),(531,9.28,5,'2015-03-24 16:50:57',0),(532,102.1,6,'2015-03-24 16:50:57',0),(533,0,7,'2015-03-24 16:50:58',0),(534,0,8,'2015-03-24 16:50:58',0),(535,0,9,'2015-03-24 16:50:58',0),(536,1,10,'2015-03-24 16:50:58',0),(537,4.298,2,'2015-03-24 16:56:54',0),(538,23.437,1,'2015-03-24 16:56:55',0),(539,9.2,5,'2015-03-24 16:56:57',0),(540,101.1,6,'2015-03-24 16:56:57',0),(541,0,7,'2015-03-24 16:56:58',0),(542,0,8,'2015-03-24 16:56:58',0),(543,0,9,'2015-03-24 16:56:58',0),(544,1,10,'2015-03-24 16:56:58',0),(545,4.298,2,'2015-03-24 17:02:45',0),(546,23.437,1,'2015-03-24 17:02:46',0),(547,23.4,3,'2015-03-24 17:02:47',0),(548,20.5,4,'2015-03-24 17:02:47',0),(549,9.29,5,'2015-03-24 17:02:48',0),(550,102.2,6,'2015-03-24 17:02:48',0),(551,0,7,'2015-03-24 17:02:49',0),(552,0,8,'2015-03-24 17:02:49',0),(553,0,9,'2015-03-24 17:02:49',0),(554,1,10,'2015-03-24 17:02:49',0),(555,4.299,2,'2015-03-24 17:08:46',0),(556,23.437,1,'2015-03-24 17:08:47',0),(557,23.4,3,'2015-03-24 17:08:48',0),(558,20.5,4,'2015-03-24 17:08:48',0),(559,9.26,5,'2015-03-24 17:08:49',0),(560,101.8,6,'2015-03-24 17:08:49',0),(561,0,7,'2015-03-24 17:08:50',0),(562,0,8,'2015-03-24 17:08:50',0),(563,0,9,'2015-03-24 17:08:50',0),(564,1,10,'2015-03-24 17:08:50',0),(565,4.302,2,'2015-03-24 17:14:49',0),(566,23.375,1,'2015-03-24 17:14:50',0),(567,23.4,3,'2015-03-24 17:14:51',0),(568,20.5,4,'2015-03-24 17:14:51',0),(569,9.22,5,'2015-03-24 17:14:52',0),(570,101.4,6,'2015-03-24 17:14:52',0),(571,0,7,'2015-03-24 17:14:53',0),(572,0,8,'2015-03-24 17:14:53',0),(573,0,9,'2015-03-24 17:14:53',0),(574,1,10,'2015-03-24 17:14:53',0),(575,4.299,2,'2015-03-24 17:20:55',0),(576,23.437,1,'2015-03-24 17:20:56',0),(577,9.24,5,'2015-03-24 17:20:58',0),(578,101.7,6,'2015-03-24 17:20:58',0),(579,0,7,'2015-03-24 17:20:59',0),(580,0,8,'2015-03-24 17:20:59',0),(581,0,9,'2015-03-24 17:20:59',0),(582,1,10,'2015-03-24 17:20:59',0),(583,4.3,2,'2015-03-24 17:27:51',0),(584,23.437,1,'2015-03-24 17:27:52',0),(585,23.4,3,'2015-03-24 17:27:53',0),(586,20.6,4,'2015-03-24 17:27:53',0),(587,9.27,5,'2015-03-24 17:27:54',0),(588,102,6,'2015-03-24 17:27:54',0),(589,0,7,'2015-03-24 17:27:55',0),(590,0,8,'2015-03-24 17:27:55',0),(591,0,9,'2015-03-24 17:27:56',0),(592,1,10,'2015-03-24 17:27:56',0),(593,4.298,2,'2015-03-24 17:33:54',0),(594,23.375,1,'2015-03-24 17:33:55',0),(595,9.32,5,'2015-03-24 17:33:57',0),(596,102.5,6,'2015-03-24 17:33:57',0),(597,0,7,'2015-03-24 17:33:58',0),(598,0,8,'2015-03-24 17:33:58',0),(599,0,9,'2015-03-24 17:33:58',0),(600,1,10,'2015-03-24 17:33:58',0),(601,4.302,2,'2015-03-24 17:39:47',0),(602,23.375,1,'2015-03-24 17:39:48',0),(603,9.25,5,'2015-03-24 17:39:50',0),(604,101.7,6,'2015-03-24 17:39:50',0),(605,0,7,'2015-03-24 17:39:51',0),(606,0,8,'2015-03-24 17:39:51',0),(607,0,9,'2015-03-24 17:39:51',0),(608,1,10,'2015-03-24 17:39:51',0),(609,4.297,2,'2015-03-24 17:45:47',0),(610,23.437,1,'2015-03-24 17:45:48',0),(611,9.23,5,'2015-03-24 17:45:50',0),(612,101.6,6,'2015-03-24 17:45:50',0),(613,0,7,'2015-03-24 17:45:51',0),(614,0,8,'2015-03-24 17:45:51',0),(615,0,9,'2015-03-24 17:45:51',0),(616,1,10,'2015-03-24 17:45:51',0),(617,4.3,2,'2015-03-24 17:51:51',0),(618,23.437,1,'2015-03-24 17:51:52',0),(619,9.25,5,'2015-03-24 17:51:54',0),(620,101.8,6,'2015-03-24 17:51:54',0),(621,0,7,'2015-03-24 17:51:55',0),(622,0,8,'2015-03-24 17:51:55',0),(623,0,9,'2015-03-24 17:51:55',0),(624,1,10,'2015-03-24 17:51:55',0),(625,4.3,2,'2015-03-24 17:57:47',0),(626,23.437,1,'2015-03-24 17:57:48',0),(627,9.24,5,'2015-03-24 17:57:50',0),(628,101.6,6,'2015-03-24 17:57:50',0),(629,0,7,'2015-03-24 17:57:51',0),(630,0,8,'2015-03-24 17:57:51',0),(631,0,9,'2015-03-24 17:57:51',0),(632,1,10,'2015-03-24 17:57:51',0),(633,4.303,2,'2015-03-24 18:03:45',0),(634,23.437,1,'2015-03-24 18:03:46',0),(635,9.29,5,'2015-03-24 18:03:48',0),(636,102.1,6,'2015-03-24 18:03:48',0),(637,0,7,'2015-03-24 18:03:49',0),(638,0,8,'2015-03-24 18:03:49',0),(639,0,9,'2015-03-24 18:03:49',0),(640,1,10,'2015-03-24 18:03:49',0),(641,4.3,2,'2015-03-24 18:09:54',0),(642,23.437,1,'2015-03-24 18:09:55',0),(643,23.4,3,'2015-03-24 18:09:56',0),(644,20.7,4,'2015-03-24 18:09:56',0),(645,9.2,5,'2015-03-24 18:09:57',0),(646,101.2,6,'2015-03-24 18:09:57',0),(647,0,7,'2015-03-24 18:09:58',0),(648,0,8,'2015-03-24 18:09:58',0),(649,0,9,'2015-03-24 18:09:58',0),(650,1,10,'2015-03-24 18:09:58',0),(651,4.301,2,'2015-03-24 18:15:50',0),(652,23.437,1,'2015-03-24 18:15:51',0),(653,23.4,3,'2015-03-24 18:15:52',0),(654,20.7,4,'2015-03-24 18:15:52',0),(655,9.24,5,'2015-03-24 18:15:53',0),(656,101.6,6,'2015-03-24 18:15:53',0),(657,0,7,'2015-03-24 18:15:54',0),(658,0,8,'2015-03-24 18:15:54',0),(659,0,9,'2015-03-24 18:15:54',0),(660,1,10,'2015-03-24 18:15:55',0),(661,4.298,2,'2015-03-24 18:21:51',0),(662,23.5,1,'2015-03-24 18:21:52',0),(663,9.25,5,'2015-03-24 18:21:54',0),(664,101.7,6,'2015-03-24 18:21:54',0),(665,0,7,'2015-03-24 18:21:55',0),(666,0,8,'2015-03-24 18:21:55',0),(667,0,9,'2015-03-24 18:21:55',0),(668,1,10,'2015-03-24 18:21:55',0),(669,4.301,2,'2015-03-24 18:27:45',0),(670,23.5,1,'2015-03-24 18:27:46',0),(671,9.21,5,'2015-03-24 18:27:48',0),(672,101.3,6,'2015-03-24 18:27:48',0),(673,0,7,'2015-03-24 18:27:49',0),(674,0,8,'2015-03-24 18:27:49',0),(675,0,9,'2015-03-24 18:27:49',0),(676,1,10,'2015-03-24 18:27:49',0),(677,4.298,2,'2015-03-24 18:33:46',0),(678,23.5,1,'2015-03-24 18:33:47',0),(679,23.4,3,'2015-03-24 18:33:48',0),(680,20.8,4,'2015-03-24 18:33:48',0),(681,9.19,5,'2015-03-24 18:33:49',0),(682,101.1,6,'2015-03-24 18:33:49',0),(683,0,7,'2015-03-24 18:33:50',0),(684,0,8,'2015-03-24 18:33:50',0),(685,0,9,'2015-03-24 18:33:50',0),(686,1,10,'2015-03-24 18:33:50',0),(687,4.304,2,'2015-03-24 18:39:45',0),(688,23.5,1,'2015-03-24 18:39:46',0),(689,23.4,3,'2015-03-24 18:39:47',0),(690,20.8,4,'2015-03-24 18:39:47',0),(691,9.22,5,'2015-03-24 18:39:48',0),(692,101.4,6,'2015-03-24 18:39:48',0),(693,0,7,'2015-03-24 18:39:49',0),(694,0,8,'2015-03-24 18:39:49',0),(695,0,9,'2015-03-24 18:39:49',0),(696,1,10,'2015-03-24 18:39:49',0),(697,4.303,2,'2015-03-24 18:45:45',0),(698,23.5,1,'2015-03-24 18:45:46',0),(699,23.4,3,'2015-03-24 18:45:47',0),(700,20.8,4,'2015-03-24 18:45:47',0),(701,9.31,5,'2015-03-24 18:45:48',0),(702,102.4,6,'2015-03-24 18:45:48',0),(703,0,7,'2015-03-24 18:45:49',0),(704,0,8,'2015-03-24 18:45:49',0),(705,0,9,'2015-03-24 18:45:49',0),(706,1,10,'2015-03-24 18:45:49',0),(707,4.254,2,'2015-03-25 08:34:57',0),(708,23.187,1,'2015-03-25 08:34:58',0),(709,9.38,5,'2015-03-25 08:35:00',0),(710,103.2,6,'2015-03-25 08:35:00',0),(711,0,7,'2015-03-25 08:35:01',0),(712,0,8,'2015-03-25 08:35:01',0),(713,0,9,'2015-03-25 08:35:01',0),(714,1,10,'2015-03-25 08:35:01',0),(715,4.266,2,'2015-03-25 08:41:45',0),(716,23.437,1,'2015-03-25 08:41:46',0),(717,9.21,5,'2015-03-25 08:41:48',0),(718,101.3,6,'2015-03-25 08:41:48',0),(719,0,7,'2015-03-25 08:41:49',0),(720,0,8,'2015-03-25 08:41:49',0),(721,0,9,'2015-03-25 08:41:49',0),(722,1,10,'2015-03-25 08:41:49',0),(723,4.274,2,'2015-03-25 08:44:21',0),(724,23.437,1,'2015-03-25 08:44:22',0),(725,9.24,5,'2015-03-25 08:44:24',0),(726,101.6,6,'2015-03-25 08:44:24',0),(727,0,7,'2015-03-25 08:44:25',0),(728,0,8,'2015-03-25 08:44:25',0),(729,0,9,'2015-03-25 08:44:25',0),(730,1,10,'2015-03-25 08:44:25',0),(731,4.259,2,'2015-03-25 09:05:41',0),(732,23.437,1,'2015-03-25 09:05:42',0),(733,9.11,5,'2015-03-25 09:05:44',0),(734,100.2,6,'2015-03-25 09:05:44',0),(735,0,7,'2015-03-25 09:05:45',0),(736,0,8,'2015-03-25 09:05:45',0),(737,0,9,'2015-03-25 09:05:45',0),(738,1,10,'2015-03-25 09:05:45',0),(739,4.279,2,'2015-03-25 10:42:13',0),(740,23.687,1,'2015-03-25 10:42:13',0),(741,23.5,3,'2015-03-25 10:42:14',0),(742,22.5,4,'2015-03-25 10:42:14',0),(743,9.15,5,'2015-03-25 10:42:15',0),(744,100.7,6,'2015-03-25 10:42:15',0),(745,0,7,'2015-03-25 10:42:16',0),(746,0,8,'2015-03-25 10:42:16',0),(747,0,9,'2015-03-25 10:42:16',0),(748,1,10,'2015-03-25 10:42:17',0);
/*!40000 ALTER TABLE `t_Data` ENABLE KEYS */;
UNLOCK TABLES;

--
-- Table structure for table `t_PhysicalSensor`
--

DROP TABLE IF EXISTS `t_PhysicalSensor`;
/*!40101 SET @saved_cs_client     = @@character_set_client */;
/*!40101 SET character_set_client = utf8 */;
CREATE TABLE `t_PhysicalSensor` (
  `physical_id` int(11) NOT NULL AUTO_INCREMENT,
  `cloudia_unit_id` varchar(45) NOT NULL,
  `physical_name` varchar(45) NOT NULL,
  `physical_t_type` int(11) NOT NULL,
  `physical_address` varchar(45) DEFAULT NULL,
  PRIMARY KEY (`physical_id`),
  UNIQUE KEY `sensors_id_UNIQUE` (`physical_id`),
  UNIQUE KEY `cloudia_id_UNIQUE` (`cloudia_unit_id`),
  UNIQUE KEY `sensors_name_UNIQUE` (`physical_name`),
  KEY `fk_t_sensor_type_idx` (`physical_t_type`),
  CONSTRAINT `fk_t_sensor_type` FOREIGN KEY (`physical_t_type`) REFERENCES `t_Types` (`types_id`) ON DELETE NO ACTION ON UPDATE NO ACTION
) ENGINE=InnoDB AUTO_INCREMENT=6 DEFAULT CHARSET=latin1;
/*!40101 SET character_set_client = @saved_cs_client */;

--
-- Dumping data for table `t_PhysicalSensor`
--

LOCK TABLES `t_PhysicalSensor` WRITE;
/*!40000 ALTER TABLE `t_PhysicalSensor` DISABLE KEYS */;
INSERT INTO `t_PhysicalSensor` VALUES (1,'su0001','Water PH',2,'1:99'),(2,'su0002','Water Temperature',4,'28-000006700658'),(3,'su0003','Case Temp/Hum',5,'1:14'),(4,'su0004','Water DO',1,'1:97'),(5,'su0005','Water Conductivity',3,'1:100');
/*!40000 ALTER TABLE `t_PhysicalSensor` ENABLE KEYS */;
UNLOCK TABLES;

--
-- Table structure for table `t_Types`
--

DROP TABLE IF EXISTS `t_Types`;
/*!40101 SET @saved_cs_client     = @@character_set_client */;
/*!40101 SET character_set_client = utf8 */;
CREATE TABLE `t_Types` (
  `types_id` int(11) NOT NULL AUTO_INCREMENT,
  `types_name` varchar(45) NOT NULL,
  `types_driver` varchar(450) NOT NULL,
  PRIMARY KEY (`types_id`),
  UNIQUE KEY `types_id_UNIQUE` (`types_id`),
  UNIQUE KEY `types_name_UNIQUE` (`types_name`),
  UNIQUE KEY `types_driver_UNIQUE` (`types_driver`)
) ENGINE=InnoDB AUTO_INCREMENT=6 DEFAULT CHARSET=latin1;
/*!40101 SET character_set_client = @saved_cs_client */;

--
-- Dumping data for table `t_Types`
--

LOCK TABLES `t_Types` WRITE;
/*!40000 ALTER TABLE `t_Types` DISABLE KEYS */;
INSERT INTO `t_Types` VALUES (1,'Atlas I2C DO','/var/lib/cloud9/Aquarius/exec/driverAtlasI2CDO'),(2,'Atlas I2C PH','/var/lib/cloud9/Aquarius/exec/driverAtlasI2CPH'),(3,'Atlas I2C K','/var/lib/cloud9/Aquarius/exec/driverAtlasI2CK'),(4,'One Wire ','/var/lib/cloud9/Aquarius/exec/driverOneWireExec '),(5,'DHT22','/var/lib/cloud9/Aquarius/exec/driverDHT22Exec');
/*!40000 ALTER TABLE `t_Types` ENABLE KEYS */;
UNLOCK TABLES;

--
-- Table structure for table `t_VirtualSensor`
--

DROP TABLE IF EXISTS `t_VirtualSensor`;
/*!40101 SET @saved_cs_client     = @@character_set_client */;
/*!40101 SET character_set_client = utf8 */;
CREATE TABLE `t_VirtualSensor` (
  `virtual_id` int(11) NOT NULL AUTO_INCREMENT,
  `cloudia_id` varchar(45) NOT NULL,
  `virtual_measure_unit` varchar(45) NOT NULL,
  `virtual_t_physical` int(11) NOT NULL,
  `virtual_driver_pos` int(11) NOT NULL DEFAULT '5',
  PRIMARY KEY (`virtual_id`),
  UNIQUE KEY `unit_id_UNIQUE` (`virtual_id`),
  KEY `fk_t_unit_sensors_idx` (`virtual_t_physical`),
  CONSTRAINT `fk_t_VirtualSensor_1` FOREIGN KEY (`virtual_t_physical`) REFERENCES `t_PhysicalSensor` (`physical_id`) ON DELETE NO ACTION ON UPDATE NO ACTION
) ENGINE=InnoDB AUTO_INCREMENT=11 DEFAULT CHARSET=latin1;
/*!40101 SET character_set_client = @saved_cs_client */;

--
-- Dumping data for table `t_VirtualSensor`
--

LOCK TABLES `t_VirtualSensor` WRITE;
/*!40000 ALTER TABLE `t_VirtualSensor` DISABLE KEYS */;
INSERT INTO `t_VirtualSensor` VALUES (1,'001','°C',2,5),(2,'001','pH',1,5),(3,'001','°C',3,5),(4,'002','% ',3,7),(5,'001','% ',4,5),(6,'002','mg/L',4,7),(7,'001','u/S',5,5),(8,'002','TDS',5,7),(9,'003','Salinity',5,9),(10,'004','SG',5,11);
/*!40000 ALTER TABLE `t_VirtualSensor` ENABLE KEYS */;
UNLOCK TABLES;
/*!40103 SET TIME_ZONE=@OLD_TIME_ZONE */;

/*!40101 SET SQL_MODE=@OLD_SQL_MODE */;
/*!40014 SET FOREIGN_KEY_CHECKS=@OLD_FOREIGN_KEY_CHECKS */;
/*!40014 SET UNIQUE_CHECKS=@OLD_UNIQUE_CHECKS */;
/*!40101 SET CHARACTER_SET_CLIENT=@OLD_CHARACTER_SET_CLIENT */;
/*!40101 SET CHARACTER_SET_RESULTS=@OLD_CHARACTER_SET_RESULTS */;
/*!40101 SET COLLATION_CONNECTION=@OLD_COLLATION_CONNECTION */;
/*!40111 SET SQL_NOTES=@OLD_SQL_NOTES */;

-- Dump completed on 2015-03-25 11:56:32
